ds;y;High;Low;Close;Adj_Close;Volume
2017-05-03;2858.500000;2868.000000;2753.500000;2770.000000;1893.619629;1349346
2017-05-04;2778.000000;2818.000000;2768.500000;2780.000000;1900.456177;771335
2017-05-05;2771.000000;2816.000000;2764.000000;2811.500000;1921.989990;618162
2017-05-10;2851.000000;2917.000000;2846.500000;2917.000000;1994.111694;863318
2017-05-11;2908.000000;2911.000000;2824.000000;2840.000000;1941.473145;693870
2017-05-12;2845.000000;2856.000000;2796.500000;2856.000000;1952.410889;558606
2017-05-15;2866.000000;2890.000000;2850.000000;2876.000000;1966.083374;470372
2017-05-16;2868.500000;2907.500000;2860.500000;2890.500000;1975.995850;682291
2017-05-17;2880.000000;2900.000000;2841.000000;2870.000000;1961.981445;544285
2017-05-18;2861.000000;2877.000000;2822.500000;2877.000000;1966.767212;817508
2017-05-19;2882.000000;2891.000000;2845.000000;2850.000000;1948.309692;637431
2017-05-22;2850.000000;2850.000000;2800.000000;2811.000000;1921.648193;595277
2017-05-23;2805.000000;2830.000000;2800.000000;2825.000000;1931.218994;497572
2017-05-24;2820.500000;2830.000000;2772.000000;2804.000000;1916.862915;580286
2017-05-25;2810.000000;2847.000000;2781.000000;2798.000000;1912.760986;623173
2017-05-26;2800.000000;2800.000000;2757.000000;2796.500000;1911.735596;621568
2017-05-29;2780.000000;2810.000000;2777.500000;2794.500000;1910.368530;281188
2017-05-30;2791.000000;2840.000000;2763.000000;2825.000000;1931.218994;685617
2017-05-31;2820.000000;2831.000000;2715.000000;2753.000000;1881.998413;1040753
2017-06-01;2753.000000;2760.000000;2680.000000;2700.000000;1845.766846;1105607
2017-06-02;2700.000000;2745.000000;2674.000000;2734.000000;1869.009399;919259
2017-06-05;2748.000000;2755.000000;2713.000000;2734.500000;1869.351440;320858
2017-06-06;2732.500000;2743.000000;2690.500000;2721.500000;1860.464722;621886
2017-06-07;2725.000000;2753.000000;2700.000000;2705.000000;1849.184937;531441
2017-06-08;2712.000000;2740.500000;2695.000000;2735.000000;1956.487793;572621
2017-06-09;2732.000000;2774.000000;2717.000000;2774.000000;1984.385864;598565
2017-06-13;2760.000000;2784.000000;2739.000000;2760.500000;1974.729126;598798
2017-06-14;2762.500000;2773.000000;2713.000000;2730.000000;1952.910767;772023
2017-06-15;2703.500000;2721.000000;2601.000000;2712.000000;1940.034302;2615549
2017-06-16;2712.000000;2728.000000;2685.000000;2685.000000;1920.719849;948451
2017-06-19;2699.500000;2782.000000;2699.500000;2779.500000;1988.320679;814465
2017-06-20;2771.000000;2804.000000;2748.000000;2769.000000;1980.809937;613909
2017-06-21;2761.500000;2761.500000;2705.000000;2728.500000;1951.837891;1077655
2017-06-22;2717.000000;2760.500000;2701.000000;2760.500000;1974.729126;834600
2017-06-23;2750.000000;2800.000000;2727.500000;2775.000000;1985.101563;628488
2017-06-26;2789.000000;2812.000000;2756.500000;2767.000000;1979.378784;526367
2017-06-27;2764.500000;2815.000000;2740.500000;2800.000000;2002.985474;561921
2017-06-28;2772.500000;2875.000000;2770.500000;2874.500000;2056.279297;664886
2017-06-29;2876.000000;2904.000000;2860.000000;2873.000000;2055.206055;720331
2017-06-30;2879.000000;2915.500000;2860.000000;2872.500000;2054.848389;721104
2017-07-03;2882.500000;2921.000000;2853.500000;2920.000000;2088.827393;598100
2017-07-04;2928.000000;2945.000000;2895.500000;2933.000000;2098.127197;534689
2017-07-05;2928.000000;2952.000000;2916.000000;2951.500000;2111.361572;588898
2017-07-06;2952.500000;2985.000000;2944.500000;2985.000000;2135.325439;712902
2017-07-07;2885.000000;2885.000000;2835.000000;2856.000000;2128.617920;1092560
2017-07-10;2851.000000;2883.000000;2843.500000;2859.000000;2130.853760;493250
2017-07-11;2861.000000;2875.000000;2830.000000;2875.000000;2142.778809;486537
2017-07-12;2882.000000;2917.000000;2877.000000;2914.500000;2172.218506;717709
2017-07-13;2920.000000;2931.000000;2893.500000;2908.500000;2167.746582;554946
2017-07-14;2914.000000;2935.000000;2901.000000;2923.000000;2178.553711;516628
2017-07-17;2930.000000;2941.000000;2857.500000;2880.000000;2146.505371;750679
2017-07-18;2866.500000;2894.000000;2831.500000;2840.000000;2116.692627;524676
2017-07-19;2834.500000;2896.000000;2834.500000;2896.000000;2158.430420;493217
2017-07-20;2896.500000;2910.000000;2875.500000;2896.000000;2158.430420;403590
2017-07-21;2881.500000;2887.500000;2837.500000;2842.000000;2118.183350;380449
2017-07-24;2838.000000;2853.500000;2793.000000;2826.500000;2106.631104;683270
2017-07-25;2826.500000;2835.000000;2799.500000;2835.000000;2112.966064;567796
2017-07-26;2846.000000;2860.000000;2806.500000;2833.000000;2111.475830;612043
2017-07-27;2834.500000;2851.500000;2825.000000;2851.500000;2125.263916;416589
2017-07-28;2835.000000;2837.500000;2771.500000;2794.000000;2082.408203;562768
2017-07-31;2803.000000;2833.500000;2752.000000;2797.500000;2085.017090;787505
2017-08-01;2811.500000;2884.500000;2801.000000;2864.500000;2134.952881;755798
2017-08-02;2865.000000;2945.000000;2861.500000;2938.000000;2189.733398;754771
2017-08-03;2940.000000;2960.500000;2911.500000;2930.000000;2183.770996;464032
2017-08-04;2915.500000;2924.500000;2885.000000;2903.000000;2163.647461;437426
2017-08-07;2901.000000;2944.500000;2900.500000;2917.500000;2174.454346;387797
2017-08-08;2923.500000;2974.500000;2911.000000;2974.000000;2216.564697;559909
2017-08-09;2957.500000;2968.000000;2936.500000;2939.000000;2190.478760;404608
2017-08-10;2944.000000;2953.000000;2896.000000;2901.500000;2162.529785;470077
2017-08-11;2890.000000;2906.000000;2860.000000;2860.000000;2131.599121;560818
2017-08-14;2879.500000;2912.500000;2872.000000;2883.500000;2149.114258;365812
2017-08-15;2875.000000;2888.000000;2846.500000;2874.000000;2142.033447;504910
2017-08-16;2885.000000;2894.000000;2842.000000;2846.500000;2121.537109;469262
2017-08-17;2847.000000;2862.500000;2841.000000;2841.000000;2117.437988;376759
2017-08-18;2835.500000;2842.000000;2803.500000;2829.000000;2108.494141;475887
2017-08-21;2831.000000;2862.000000;2824.000000;2854.500000;2127.499512;371051
2017-08-22;2860.000000;2897.000000;2835.000000;2897.000000;2159.175537;511326
2017-08-23;2890.000000;2893.500000;2860.000000;2893.500000;2156.567383;440621
2017-08-24;2889.000000;2903.500000;2867.500000;2894.000000;2156.939697;319415
2017-08-25;2910.000000;2940.000000;2897.000000;2915.000000;2172.591309;305830
2017-08-28;2915.000000;2929.500000;2888.000000;2920.000000;2176.317871;348040
2017-08-29;2911.500000;2914.500000;2860.000000;2894.000000;2156.939697;654005
2017-08-30;2900.000000;2915.500000;2885.000000;2905.000000;2165.137939;582751
2017-08-31;2894.500000;2952.000000;2890.500000;2940.500000;2191.596924;913810
2017-09-01;2940.500000;2940.500000;2940.500000;2940.500000;2191.596924;0
2017-09-04;2908.000000;2922.500000;2878.500000;2895.000000;2157.685059;381995
2017-09-05;2907.000000;2915.500000;2863.500000;2883.500000;2149.114258;528220
2017-09-06;2888.000000;2919.000000;2855.500000;2919.000000;2175.572266;761398
2017-09-07;2919.000000;2919.000000;2919.000000;2919.000000;2175.572266;0
2017-09-08;2887.500000;2928.000000;2884.000000;2925.000000;2180.044678;536048
2017-09-11;2931.000000;2939.000000;2906.500000;2909.000000;2168.119385;463153
2017-09-12;2913.000000;2965.000000;2913.000000;2961.500000;2207.248291;455281
2017-09-13;2961.500000;2975.000000;2938.000000;2938.000000;2189.733398;809641
2017-09-14;2940.000000;2983.000000;2926.500000;2970.000000;2213.583496;693944
2017-09-15;2966.000000;2995.500000;2950.000000;2978.500000;2219.918701;1095733
2017-09-18;2986.000000;3048.000000;2975.000000;3032.500000;2260.165527;1399842
2017-09-19;3025.000000;3060.000000;3016.000000;3025.000000;2254.576172;626224
2017-09-20;3022.000000;3030.000000;2975.000000;2985.000000;2224.763184;882296
2017-09-21;2996.500000;3018.500000;2987.000000;2991.500000;2229.607666;871516
2017-09-22;2994.000000;2994.000000;2948.000000;2970.000000;2213.583496;780297
2017-09-25;2977.000000;3041.000000;2962.500000;3039.500000;2265.383057;818677
2017-09-26;3047.000000;3065.000000;3017.000000;3022.000000;2252.339844;664078
2017-09-27;3020.000000;3065.000000;3019.500000;3064.500000;2284.015625;590148
2017-09-28;3060.000000;3085.000000;3050.000000;3065.000000;2284.388428;547323
2017-09-29;3055.500000;3072.500000;3049.500000;3064.000000;2283.643311;430632
2017-10-02;3064.000000;3068.000000;3025.000000;3044.500000;2269.109375;403614
2017-10-03;3042.000000;3058.000000;3031.000000;3054.000000;2276.189941;409516
2017-10-04;3045.000000;3054.000000;3035.000000;3038.500000;2264.637695;418522
2017-10-05;3032.500000;3064.000000;3032.500000;3054.000000;2276.189941;451584
2017-10-06;3052.500000;3075.500000;3052.500000;3060.000000;2280.661621;436330
2017-10-09;3060.000000;3069.500000;3039.500000;3052.500000;2275.072021;427878
2017-10-10;3053.500000;3053.500000;3007.000000;3037.500000;2263.892334;539005
2017-10-11;3042.000000;3059.000000;3036.000000;3040.000000;2265.755615;409649
2017-10-12;3040.500000;3046.000000;3016.500000;3035.000000;2262.028809;234405
2017-10-13;3040.000000;3040.000000;3009.000000;3018.000000;2249.358643;479870
2017-10-16;3033.500000;3033.500000;3002.000000;3020.000000;2250.849121;425769
2017-10-17;3023.500000;3028.000000;2977.000000;3003.000000;2238.178955;547549
2017-10-18;3008.000000;3021.500000;2997.000000;3011.000000;2244.141602;406373
2017-10-19;3018.500000;3018.500000;2975.500000;2985.000000;2224.763184;419569
2017-10-20;2985.000000;2985.000000;2985.000000;2985.000000;2224.763184;0
2017-10-23;3000.500000;3008.000000;2983.000000;2997.000000;2233.706787;394546
2017-10-24;2995.000000;3026.000000;2995.000000;3018.000000;2249.358643;338781
2017-10-25;3029.000000;3046.000000;3005.000000;3005.000000;2239.669922;622842
2017-10-26;3005.000000;3025.000000;2990.500000;2996.000000;2232.961670;523980
2017-10-27;3009.500000;3067.000000;3009.500000;3064.500000;2284.015625;723524
2017-10-30;3067.500000;3097.500000;3041.000000;3058.000000;2279.171143;819780
2017-10-31;3063.500000;3134.000000;3060.000000;3096.000000;2307.493164;1026702
2017-11-01;3110.000000;3157.000000;3101.500000;3144.500000;2343.641113;734316
2017-11-02;3142.000000;3150.000000;3125.000000;3150.000000;2347.740234;386501
2017-11-03;3155.000000;3203.000000;3155.000000;3168.500000;2361.528564;633324
2017-11-07;3211.000000;3365.000000;3210.000000;3325.000000;2478.170410;1602029
2017-11-08;3317.000000;3386.000000;3311.000000;3336.000000;2486.368408;606331
2017-11-09;3346.000000;3373.000000;3286.000000;3368.000000;2510.218506;872738
2017-11-10;3361.500000;3368.000000;3322.000000;3344.500000;2492.703857;569603
2017-11-13;3344.500000;3415.000000;3323.500000;3326.000000;2478.915527;878876
2017-11-14;3318.500000;3359.000000;3305.000000;3325.000000;2478.170410;879020
2017-11-15;3322.000000;3330.000000;3276.500000;3296.000000;2456.555908;604363
2017-11-16;3325.500000;3368.000000;3289.000000;3304.000000;2462.518311;582543
2017-11-17;3293.500000;3360.000000;3293.000000;3304.500000;2462.891357;331875
2017-11-20;3296.500000;3316.500000;3262.500000;3281.000000;2445.376221;226459
2017-11-21;3290.000000;3327.500000;3279.500000;3319.500000;2474.070801;361090
2017-11-22;3330.000000;3369.000000;3311.500000;3369.000000;2510.964111;471462
2017-11-23;3374.500000;3380.000000;3334.500000;3380.000000;2519.162109;341398
2017-11-24;3388.000000;3420.000000;3371.500000;3395.000000;2530.342285;356011
2017-11-27;3389.500000;3413.500000;3353.500000;3365.000000;2507.982910;396195
2017-11-28;3368.500000;3370.000000;3298.500000;3343.000000;2491.585938;496486
2017-11-29;3342.000000;3345.000000;3271.000000;3308.500000;2465.872559;701630
2017-11-30;3305.500000;3335.000000;3262.500000;3292.500000;2453.947510;783625
2017-12-01;3290.000000;3353.000000;3267.000000;3344.000000;2492.331055;398617
2017-12-04;3344.000000;3392.500000;3303.500000;3390.500000;2526.988281;612226
2017-12-05;3378.000000;3405.000000;3352.000000;3403.000000;2536.304688;414405
2017-12-06;3390.000000;3403.500000;3372.000000;3403.000000;2536.304688;443898
2017-12-07;3390.000000;3396.000000;3360.000000;3374.500000;2515.063232;421847
2017-12-08;3374.500000;3393.000000;3370.500000;3388.500000;2525.497559;377371
2017-12-11;3395.000000;3440.000000;3390.000000;3432.500000;2558.291260;604251
2017-12-12;3445.000000;3473.500000;3426.500000;3473.500000;2588.849121;509876
2017-12-13;3463.000000;3467.500000;3440.500000;3458.000000;2577.297119;326643
2017-12-14;3452.000000;3467.500000;3424.000000;3453.500000;2573.943115;364793
2017-12-15;3447.000000;3457.000000;3391.500000;3420.000000;2548.975098;758607
2017-12-18;3420.000000;3445.500000;3362.500000;3395.500000;2530.714355;404972
2017-12-19;3400.500000;3421.500000;3371.500000;3402.000000;2535.559082;424464
2017-12-20;3408.000000;3419.000000;3373.000000;3373.000000;2513.945068;536501
2017-12-21;3311.000000;3332.500000;3285.000000;3332.500000;2547.969238;711629
2017-12-22;3332.500000;3356.000000;3318.000000;3347.000000;2559.055664;210619
2017-12-25;3350.500000;3359.500000;3320.000000;3320.000000;2538.411865;96741
2017-12-26;3315.000000;3324.500000;3283.500000;3288.000000;2513.945068;148822
2017-12-27;3297.000000;3312.000000;3269.000000;3283.500000;2510.504639;651463
2017-12-28;3283.500000;3317.000000;3262.500000;3317.000000;2536.118164;229669
2017-12-29;3308.000000;3334.500000;3278.500000;3334.500000;2549.498291;286274
2018-01-03;3340.000000;3421.500000;3340.000000;3421.500000;2616.017334;395935
2018-01-04;3428.000000;3501.000000;3392.500000;3501.000000;2676.801270;703060
2018-01-05;3499.500000;3569.500000;3491.000000;3569.500000;2729.174805;597654
2018-01-09;3575.000000;3647.500000;3575.000000;3628.500000;2774.285400;852392
2018-01-10;3640.000000;3649.000000;3594.500000;3641.000000;2783.842773;1025827
2018-01-11;3644.500000;3689.500000;3610.000000;3687.500000;2819.395996;665222
2018-01-12;3677.000000;3942.000000;3650.000000;3908.000000;2987.986328;2678476
2018-01-15;3932.000000;3985.000000;3876.500000;3876.500000;2963.901855;928152
2018-01-16;3887.000000;3897.000000;3767.500000;3862.000000;2952.815186;1158221
2018-01-17;3846.500000;3868.500000;3811.000000;3851.500000;2944.787109;808231
2018-01-18;3866.000000;3890.000000;3842.500000;3855.000000;2947.463379;979570
2018-01-19;3850.000000;3885.500000;3801.000000;3825.500000;2924.908203;662941
2018-01-22;3830.000000;3871.000000;3812.000000;3870.000000;2958.931641;611208
2018-01-24;3841.000000;3852.500000;3808.000000;3850.000000;2943.640381;524771
2018-01-25;3860.000000;3860.000000;3808.000000;3825.000000;2924.525391;1089601
2018-01-26;3824.500000;3828.000000;3780.500000;3821.000000;2921.467285;628690
2018-01-29;3825.000000;3830.500000;3759.000000;3778.000000;2888.590576;727704
2018-01-30;3753.000000;3816.000000;3703.000000;3713.000000;2838.892578;827397
2018-01-31;3700.000000;3759.000000;3697.000000;3728.000000;2850.360840;1036421
2018-02-01;3733.000000;3762.500000;3722.500000;3760.500000;2875.209961;506792
2018-02-02;3754.000000;3798.000000;3741.000000;3797.000000;2903.117676;692062
2018-02-05;3770.000000;3787.500000;3746.000000;3752.000000;2868.711670;724640
2018-02-06;3677.000000;3718.000000;3611.500000;3655.500000;2794.929199;1801355
2018-02-07;3686.500000;3754.000000;3675.000000;3735.000000;2855.713379;862034
2018-02-08;3715.500000;3750.500000;3681.000000;3686.000000;2818.248779;1006918
2018-02-09;3650.000000;3679.500000;3615.000000;3617.500000;2765.875000;1284341
2018-02-12;3639.000000;3682.500000;3621.000000;3656.500000;2795.693359;746035
2018-02-13;3662.500000;3737.000000;3650.000000;3729.500000;2851.508057;831401
2018-02-14;3735.000000;3751.500000;3685.000000;3709.000000;2835.833984;680600
2018-02-15;3735.000000;3767.000000;3726.500000;3730.000000;2851.890381;850072
2018-02-16;3745.000000;3819.000000;3735.000000;3751.000000;2867.946777;795779
2018-02-19;3755.000000;3778.000000;3705.500000;3715.000000;2840.421875;394169
2018-02-20;3711.000000;3744.000000;3686.500000;3744.000000;2862.594482;362094
2018-02-21;3732.000000;3819.000000;3731.500000;3808.500000;2911.909912;584031
2018-02-22;3795.000000;3834.500000;3772.000000;3824.500000;2924.143555;606565
2018-02-26;3870.000000;3899.000000;3815.000000;3829.000000;2927.584229;584421
2018-02-27;3835.000000;3855.500000;3786.000000;3838.500000;2934.847656;659182
2018-02-28;3817.500000;3832.500000;3775.000000;3776.500000;2887.443604;793372
2018-03-01;3767.500000;3790.000000;3741.000000;3764.000000;2877.886230;499727
2018-03-02;3749.500000;3769.000000;3675.500000;3749.500000;2866.799805;562011
2018-03-05;3752.500000;3786.000000;3726.500000;3730.000000;2851.890381;374198
2018-03-06;3740.500000;3766.000000;3727.500000;3744.000000;2862.594482;645382
2018-03-07;3725.000000;3726.000000;3690.000000;3721.000000;2845.009277;677933
2018-03-09;3710.000000;3757.500000;3706.000000;3755.500000;2871.387207;229846
2018-03-12;3785.000000;3794.000000;3740.000000;3770.000000;2882.473877;374005
2018-03-13;3767.000000;3776.000000;3742.000000;3773.000000;2884.767334;507874
2018-03-14;3757.500000;3776.000000;3735.000000;3742.000000;2861.065674;504987
2018-03-15;3743.500000;3790.500000;3718.500000;3787.000000;2895.471436;850733
2018-03-16;3798.000000;3874.500000;3773.500000;3874.500000;2962.372803;1187541
2018-03-19;3873.500000;3880.000000;3807.500000;3815.000000;2916.879639;582081
2018-03-20;3827.500000;3869.500000;3792.000000;3863.000000;2953.580078;651476
2018-03-21;3865.000000;3937.000000;3849.000000;3874.000000;2961.989990;783538
2018-03-22;3889.500000;3903.000000;3829.000000;3857.000000;2948.992432;606166
2018-03-23;3838.000000;3915.000000;3818.000000;3874.500000;2962.372803;1101825
2018-03-26;3875.000000;3889.000000;3809.500000;3814.000000;2916.115479;508136
2018-03-27;3831.000000;3909.000000;3820.000000;3878.000000;2965.048340;889969
2018-03-28;3858.000000;3947.000000;3850.500000;3927.000000;3002.512939;710820
2018-03-29;3936.500000;3991.500000;3916.500000;3991.500000;3051.828857;861190
2018-03-30;3988.000000;4004.000000;3961.000000;3961.000000;3028.509033;265745
2018-04-02;3963.500000;4005.000000;3955.500000;3955.500000;3024.303711;434374
2018-04-03;3960.000000;3975.000000;3920.500000;3943.000000;3014.746582;413942
2018-04-04;3945.000000;3966.000000;3897.000000;3928.500000;3003.659912;570186
2018-04-05;3940.500000;3990.000000;3940.500000;3990.000000;3050.681641;617059
2018-04-06;3967.500000;3972.500000;3918.500000;3925.000000;3000.984131;513715
2018-04-09;3919.500000;3920.500000;3532.500000;3640.000000;2783.078369;2793320
2018-04-10;3646.500000;3935.000000;3621.000000;3900.000000;2981.869385;2183917
2018-04-11;3872.000000;4077.000000;3865.000000;4070.000000;3111.848389;2053396
2018-04-12;4077.000000;4098.000000;3944.500000;3959.000000;3026.979980;1070121
2018-04-13;3990.000000;3990.000000;3882.500000;3902.000000;2983.398438;1187191
2018-04-16;3877.000000;3935.500000;3851.500000;3892.000000;2975.752686;755990
2018-04-17;3912.500000;3951.000000;3905.000000;3940.000000;3012.452637;1015042
2018-04-18;3935.500000;4033.500000;3927.500000;4030.000000;3081.265137;1087895
2018-04-19;4030.000000;4056.000000;3994.000000;4015.000000;3069.796387;705237
2018-04-20;4008.000000;4029.000000;3972.000000;3975.500000;3039.595459;342766
2018-04-23;3981.500000;4019.000000;3933.000000;3974.000000;3038.448242;819373
2018-04-24;4000.500000;4063.000000;3980.000000;3999.500000;3057.945313;732074
2018-04-25;3973.500000;4029.000000;3950.500000;4029.000000;3080.500488;507134
2018-04-26;4029.500000;4157.000000;4016.500000;4140.000000;3165.368896;957780
2018-04-27;4140.500000;4215.000000;4140.500000;4212.000000;3220.419189;796288
2018-04-30;4171.000000;4243.000000;4156.500000;4156.500000;3177.984619;537010
2018-05-02;4155.000000;4206.000000;4141.000000;4141.000000;3166.133789;578524
2018-05-03;4137.500000;4160.500000;4079.000000;4092.000000;3128.668945;591120
2018-05-04;4089.500000;4128.000000;4080.500000;4108.000000;3140.902588;560244
2018-05-07;4111.000000;4176.000000;4111.000000;4121.000000;3150.842041;298551
2018-05-08;4110.500000;4180.000000;4086.500000;4180.000000;3195.952393;695559
2018-05-10;4225.000000;4288.000000;4209.500000;4235.000000;3238.004150;903174
2018-05-11;4250.000000;4378.000000;4236.000000;4351.000000;3326.695801;879476
2018-05-14;4372.500000;4407.500000;4322.500000;4407.500000;3369.894775;815003
2018-05-15;4379.500000;4404.000000;4355.000000;4392.000000;3358.043701;862317
2018-05-16;4380.000000;4418.000000;4347.500000;4390.500000;3356.896729;672055
2018-05-17;4409.000000;4430.500000;4375.500000;4375.500000;3345.428223;530392
2018-05-18;4364.000000;4435.000000;4354.500000;4423.500000;3382.128174;654781
2018-05-21;4449.000000;4453.500000;4403.000000;4408.500000;3370.659180;424112
2018-05-22;4407.500000;4414.500000;4337.000000;4360.000000;3333.577393;750120
2018-05-23;4338.500000;4338.500000;4251.500000;4263.000000;3259.412598;790129
2018-05-24;4283.000000;4298.500000;4230.000000;4230.000000;3234.181152;566538
2018-05-25;4246.000000;4281.500000;4206.000000;4220.500000;3226.917725;694535
2018-05-28;4253.500000;4300.500000;4217.000000;4290.000000;3280.056152;301328
2018-05-29;4292.000000;4298.500000;4163.000000;4219.000000;3225.770752;791703
2018-05-30;4224.000000;4240.000000;4181.500000;4239.000000;3241.062744;524260
2018-05-31;4255.000000;4262.000000;4157.500000;4209.000000;3218.125000;1515272
2018-06-01;4210.000000;4258.000000;4180.500000;4205.500000;3215.449463;750948
2018-06-04;4224.500000;4304.500000;4224.500000;4299.000000;3286.937500;747689
2018-06-05;4297.500000;4313.500000;4256.000000;4258.000000;3255.589355;974236
2018-06-06;4285.000000;4285.000000;4212.500000;4264.500000;3260.559570;524948
2018-06-07;4270.000000;4292.000000;4250.000000;4250.000000;3249.472900;519762
2018-06-08;4235.000000;4282.500000;4163.000000;4165.000000;3184.483643;752635
2018-06-11;4194.000000;4199.500000;4140.000000;4159.500000;3180.278320;356368
2018-06-13;4181.500000;4208.500000;4140.000000;4140.000000;3165.368896;778025
2018-06-14;4120.000000;4136.000000;4083.000000;4090.000000;3127.139893;565777
2018-06-15;4102.500000;4137.000000;4053.000000;4055.000000;3100.379639;1592609
2018-06-18;4039.000000;4082.000000;4018.000000;4045.500000;3093.115723;576993
2018-06-19;4035.000000;4108.500000;4006.000000;4091.000000;3127.904541;834288
2018-06-20;4100.000000;4161.500000;4097.500000;4132.000000;3159.252197;793393
2018-06-21;4138.500000;4171.500000;4117.500000;4135.000000;3161.545898;693441
2018-06-22;4155.000000;4189.000000;4141.000000;4163.000000;3182.954590;419560
2018-06-25;4110.000000;4167.500000;4110.000000;4140.000000;3165.368896;489463
2018-06-26;4151.000000;4173.000000;4128.000000;4154.000000;3176.073486;420509
2018-06-27;4173.500000;4259.000000;4172.000000;4222.000000;3228.064697;593542
2018-06-28;4220.000000;4272.000000;4212.500000;4227.000000;3231.887207;549019
2018-06-29;4255.000000;4355.000000;4250.500000;4350.000000;3325.931396;1011550
2018-07-02;4335.000000;4401.000000;4319.500000;4361.000000;3334.341553;791431
2018-07-03;4366.000000;4393.000000;4322.000000;4331.000000;3311.403809;478632
2018-07-04;4335.000000;4349.500000;4326.500000;4334.500000;3314.080078;152701
2018-07-05;4331.000000;4462.000000;4326.000000;4462.000000;3411.564697;693256
2018-07-06;4452.000000;4452.000000;4351.500000;4415.500000;3376.011230;741341
2018-07-09;4406.000000;4460.000000;4406.000000;4454.000000;3405.447754;587396
2018-07-10;4369.000000;4409.500000;4336.000000;4358.500000;3432.619141;929983
2018-07-11;4346.000000;4350.000000;4280.000000;4280.000000;3370.794678;595465
2018-07-12;4272.000000;4302.500000;4223.000000;4236.000000;3336.141846;706232
2018-07-13;4231.500000;4333.500000;4231.500000;4310.000000;3394.422119;442035
2018-07-16;4320.000000;4347.000000;4265.000000;4284.500000;3374.339111;417220
2018-07-17;4287.500000;4287.500000;4200.000000;4262.500000;3357.011963;564322
2018-07-18;4269.000000;4308.500000;4240.000000;4299.000000;3385.758545;639254
2018-07-19;4295.000000;4329.000000;4269.500000;4319.000000;3401.510010;488946
2018-07-20;4341.500000;4357.500000;4286.000000;4300.000000;3386.546387;583760
2018-07-23;4295.000000;4382.500000;4276.500000;4340.000000;3418.049072;441943
2018-07-24;4360.000000;4360.000000;4317.500000;4322.000000;3403.872559;335070
2018-07-25;4313.000000;4396.000000;4305.000000;4385.000000;3453.489502;473224
2018-07-26;4400.000000;4421.000000;4387.500000;4420.000000;3481.053955;526689
2018-07-27;4417.500000;4426.000000;4383.000000;4425.000000;3484.992432;359072
2018-07-30;4400.500000;4430.000000;4370.500000;4410.000000;3473.178955;446574
2018-07-31;4400.500000;4488.000000;4377.500000;4451.500000;3505.862793;916612
2018-08-01;4460.000000;4509.000000;4454.500000;4494.000000;3539.334717;513123
2018-08-02;4480.000000;4527.000000;4478.000000;4501.500000;3545.241211;444111
2018-08-03;4494.500000;4529.000000;4467.500000;4499.500000;3543.666016;479882
2018-08-06;4500.000000;4517.000000;4450.000000;4479.000000;3527.520752;410588
2018-08-07;4479.500000;4539.000000;4472.000000;4520.000000;3559.811523;428411
2018-08-08;4520.000000;4525.000000;4448.000000;4499.000000;3543.271729;536737
2018-08-09;4490.000000;4598.000000;4490.000000;4598.000000;3621.241699;703280
2018-08-10;4594.000000;4648.000000;4546.000000;4577.000000;3604.702881;675344
2018-08-13;4560.000000;4601.500000;4521.500000;4541.000000;3576.350342;728413
2018-08-14;4560.000000;4579.000000;4452.500000;4460.000000;3512.557129;755392
2018-08-15;4448.000000;4465.000000;4361.500000;4428.500000;3487.748779;887008
2018-08-16;4428.000000;4440.000000;4351.500000;4396.000000;3462.153076;436110
2018-08-17;4382.000000;4418.000000;4358.000000;4375.000000;3445.613281;435110
2018-08-20;4395.000000;4425.000000;4370.000000;4386.000000;3454.277344;268812
2018-08-21;4395.000000;4466.500000;4353.000000;4465.000000;3516.494873;511221
2018-08-22;4472.000000;4512.500000;4449.000000;4512.500000;3553.904541;507835
2018-08-23;4515.000000;4541.000000;4421.000000;4450.000000;3504.681641;657190
2018-08-24;4450.000000;4531.500000;4423.000000;4500.500000;3544.454102;629551
2018-08-27;4502.000000;4577.000000;4492.000000;4577.000000;3604.702881;249930
2018-08-28;4580.500000;4598.000000;4545.000000;4587.500000;3612.972412;405987
2018-08-29;4590.000000;4687.500000;4585.000000;4638.500000;3653.137939;641179
2018-08-30;4663.000000;4738.000000;4640.500000;4702.000000;3703.148926;687858
2018-08-31;4695.000000;4719.500000;4663.000000;4700.500000;3701.967041;711667
2018-09-03;4698.000000;4749.000000;4685.500000;4728.000000;3723.625488;287648
2018-09-04;4747.000000;4762.500000;4704.500000;4717.000000;3714.962402;352065
2018-09-05;4704.000000;4710.500000;4637.000000;4637.000000;3651.957031;529556
2018-09-06;4628.000000;4650.000000;4594.000000;4610.500000;3631.086426;581930
2018-09-07;4620.000000;4649.000000;4547.000000;4623.000000;3640.930420;603404
2018-09-10;4648.500000;4715.000000;4643.000000;4688.500000;3692.516357;413243
2018-09-11;4677.000000;4746.500000;4665.500000;4706.500000;3706.692383;766652
2018-09-12;4705.000000;4744.500000;4622.500000;4622.500000;3640.537354;587177
2018-09-13;4621.000000;4688.500000;4608.000000;4659.000000;3669.282715;588719
2018-09-14;4650.000000;4670.000000;4603.000000;4604.000000;3625.967529;442326
2018-09-17;4619.000000;4643.000000;4572.000000;4631.000000;3647.231934;454393
2018-09-18;4630.000000;4697.000000;4601.500000;4685.000000;3689.759766;698734
2018-09-19;4692.000000;4726.500000;4673.500000;4719.000000;3716.538086;609528
2018-09-20;4709.500000;4735.000000;4676.500000;4701.000000;3702.361572;1677198
2018-09-21;4686.500000;4755.000000;4678.500000;4737.500000;3731.107666;1411985
2018-09-24;4747.000000;4798.000000;4724.500000;4780.000000;3764.578857;615869
2018-09-25;4800.000000;4900.000000;4780.000000;4900.000000;3859.087646;721203
2018-09-26;4899.000000;4908.500000;4777.000000;4828.500000;3802.776611;934054
2018-09-27;4821.000000;4952.500000;4813.000000;4952.000000;3900.041260;1133318
2018-09-28;4945.000000;5042.500000;4930.500000;5022.000000;3955.171143;761477
2018-10-01;5045.000000;5115.000000;4980.000000;5016.000000;3950.446045;944915
2018-10-02;5033.000000;5037.500000;4877.000000;4898.500000;3857.906494;842901
2018-10-03;4912.500000;5055.000000;4905.000000;5035.000000;3965.408936;1027078
2018-10-04;5024.000000;5035.000000;4956.000000;4990.000000;3929.969238;804630
2018-10-05;4989.000000;5043.500000;4962.500000;4987.000000;3927.605957;503126
2018-10-08;4982.500000;5015.000000;4941.500000;4966.000000;3911.066895;382463
2018-10-09;4981.500000;5031.000000;4970.500000;4971.500000;3915.398682;436838
2018-10-10;4993.500000;4993.500000;4901.500000;4901.500000;3860.269531;395280
2018-10-11;4840.000000;4883.000000;4770.500000;4804.000000;3783.481201;947247
2018-10-12;4850.000000;4880.500000;4806.000000;4806.000000;3785.055420;478564
2018-10-15;4837.000000;4837.000000;4733.000000;4747.000000;3738.588867;435854
2018-10-16;4755.000000;4797.000000;4721.500000;4795.000000;3776.392822;468198
2018-10-17;4820.000000;4832.500000;4732.000000;4773.000000;3759.066406;395511
2018-10-18;4749.000000;4770.000000;4682.000000;4694.500000;3697.241943;457780
2018-10-19;4709.500000;4750.000000;4665.500000;4693.000000;3696.060791;663876
2018-10-22;4710.000000;4725.000000;4635.500000;4673.500000;3680.703369;383825
2018-10-23;4691.000000;4896.000000;4691.000000;4825.000000;3800.020020;2604478
2018-10-24;4825.000000;4995.000000;4798.000000;4995.000000;3933.906250;6612873
2018-10-25;4940.000000;4968.000000;4886.000000;4943.000000;3892.953125;1790515
2018-10-26;4921.000000;4924.500000;4806.000000;4847.500000;3817.739746;863271
2018-10-29;4885.000000;4926.500000;4856.000000;4872.500000;3837.429932;624904
2018-10-30;4841.000000;4855.000000;4726.000000;4778.500000;3763.398193;840111
2018-10-31;4800.500000;4946.000000;4800.500000;4945.000000;3894.528320;799095
2018-11-01;4910.000000;5004.000000;4861.500000;4937.000000;3888.227539;695212
2018-11-02;4948.000000;5004.500000;4910.000000;4980.000000;3922.093018;898847
2018-11-06;5000.000000;5083.000000;4976.000000;5055.000000;3981.161133;910147
2018-11-07;5054.500000;5174.500000;5016.000000;5174.500000;4075.274658;732628
2018-11-08;5176.000000;5192.500000;5130.000000;5160.000000;4063.855225;589194
2018-11-09;5136.000000;5147.500000;4996.500000;5094.500000;4012.270264;896172
2018-11-12;5101.500000;5191.000000;5101.500000;5129.000000;4039.440186;521518
2018-11-13;5119.000000;5126.500000;4941.000000;4959.500000;3905.947266;1246408
2018-11-14;4923.000000;4933.000000;4831.500000;4856.500000;3824.827881;964537
2018-11-15;4864.500000;4914.000000;4835.000000;4854.000000;3822.859863;569079
2018-11-16;4860.500000;4915.000000;4813.000000;4824.000000;3799.231689;655941
2018-11-19;4850.000000;4912.000000;4820.000000;4845.500000;3816.164795;595428
2018-11-20;4820.000000;4830.000000;4743.000000;4809.500000;3787.812256;620325
2018-11-21;4799.000000;4835.000000;4766.000000;4800.000000;3780.330566;632581
2018-11-22;4791.500000;4819.000000;4755.000000;4813.500000;3790.963379;435668
2018-11-23;4800.000000;4800.000000;4624.500000;4670.000000;3677.947021;1188339
2018-11-26;4699.500000;4699.500000;4555.000000;4623.000000;3640.930420;1165029
2018-11-27;4632.000000;4703.000000;4609.000000;4689.000000;3692.910645;1042648
2018-11-28;4699.000000;4758.000000;4655.500000;4717.500000;3715.356445;778668
2018-11-29;4729.000000;4796.000000;4659.000000;4766.000000;3753.553467;1277988
2018-11-30;4771.000000;4900.000000;4765.000000;4896.000000;3855.937012;1412897
2018-12-03;4995.000000;5098.500000;4952.000000;5098.500000;4015.420410;1401437
2018-12-04;5100.000000;5221.000000;5030.000000;5209.000000;4102.445801;1270270
2018-12-05;5156.000000;5260.000000;5129.500000;5260.000000;4142.611816;943848
2018-12-06;5220.000000;5325.000000;5084.000000;5162.500000;4065.824219;1361884
2018-12-07;5170.000000;5321.500000;5103.000000;5266.500000;4147.731445;1471855
2018-12-10;5249.000000;5342.000000;5149.000000;5173.500000;4074.487549;1073265
2018-12-11;5151.000000;5289.500000;5114.000000;5267.000000;4148.125488;884766
2018-12-12;5250.000000;5270.000000;5102.000000;5102.000000;4018.176758;833397
2018-12-13;5105.000000;5156.000000;5040.500000;5131.500000;4041.409912;901995
2018-12-14;5119.500000;5141.500000;5079.000000;5100.000000;4016.601074;734502
2018-12-17;5091.000000;5137.500000;5071.000000;5100.000000;4016.601074;629951
2018-12-18;5049.000000;5049.500000;4900.000000;4925.000000;3878.777100;1405909
2018-12-19;4890.000000;4928.500000;4865.000000;4910.000000;3866.963379;936443
2018-12-20;4830.000000;4838.500000;4716.500000;4808.500000;3861.742920;1557668
2018-12-21;4789.500000;4954.000000;4745.000000;4930.000000;3959.320068;2283579
2018-12-24;4900.000000;4966.000000;4842.500000;4909.000000;3942.455322;623396
2018-12-25;4841.000000;4842.500000;4744.500000;4810.000000;3862.948242;269077
2018-12-26;4829.000000;4859.000000;4803.000000;4829.500000;3878.608398;182587
2018-12-27;4901.000000;4925.500000;4858.000000;4884.000000;3922.377930;494744
2018-12-28;4911.000000;5009.500000;4901.500000;4955.500000;3979.800049;662664
2019-01-03;4984.000000;5050.000000;4886.500000;5007.000000;4021.159912;632153
2019-01-04;5021.000000;5083.000000;5021.000000;5074.500000;4075.368896;350743
2019-01-08;5037.000000;5056.000000;4964.500000;5039.000000;4046.859131;989453
2019-01-09;5050.000000;5077.000000;5025.000000;5060.000000;4063.724365;820940
2019-01-10;5048.500000;5152.000000;5004.000000;5152.000000;4137.610352;807655
2019-01-11;5153.500000;5212.000000;5135.500000;5200.000000;4176.160156;682434
2019-01-14;5187.000000;5200.000000;5134.500000;5200.000000;4176.160156;418371
2019-01-15;5213.500000;5237.500000;5125.000000;5195.000000;4172.143555;611109
2019-01-16;5197.000000;5209.500000;5114.000000;5129.000000;4119.138672;507299
2019-01-17;5120.000000;5187.000000;5060.000000;5184.500000;4163.711426;704441
2019-01-18;5194.000000;5206.000000;5143.000000;5193.500000;4170.939941;585467
2019-01-21;5207.000000;5224.000000;5180.500000;5200.000000;4176.160156;279987
2019-01-22;5187.000000;5212.000000;5158.500000;5186.000000;4164.915527;651497
2019-01-23;5190.500000;5222.000000;5176.500000;5205.500000;4180.576172;593066
2019-01-24;5185.500000;5196.500000;5143.500000;5196.500000;4173.348633;640887
2019-01-25;5196.000000;5246.000000;5183.500000;5215.000000;4188.206055;667326
2019-01-28;5212.000000;5215.000000;5143.000000;5165.000000;4148.050781;659844
2019-01-29;5150.000000;5215.000000;5136.000000;5196.500000;4173.348633;515004
2019-01-30;5184.500000;5227.000000;5184.000000;5227.000000;4197.843262;456853
2019-01-31;5240.000000;5300.000000;5228.000000;5272.500000;4234.384766;791137
2019-02-01;5267.500000;5329.500000;5241.000000;5319.500000;4272.131348;546468
2019-02-04;5333.000000;5406.000000;5314.500000;5350.000000;4296.625488;489423
2019-02-05;5363.500000;5435.000000;5363.000000;5435.000000;4364.890137;395021
2019-02-06;5439.000000;5488.500000;5402.500000;5461.000000;4385.770996;569203
2019-02-07;5444.000000;5464.500000;5385.000000;5385.000000;4324.733887;560613
2019-02-08;5369.500000;5403.000000;5334.500000;5386.000000;4325.537598;517950
2019-02-11;5381.500000;5440.000000;5380.000000;5419.500000;4352.441895;425813
2019-02-12;5421.500000;5475.500000;5391.500000;5439.000000;4368.102051;438101
2019-02-13;5434.000000;5435.500000;5313.000000;5351.000000;4297.428223;750434
2019-02-14;5312.000000;5395.000000;5291.000000;5360.500000;4305.058594;811821
2019-02-15;5388.000000;5448.000000;5361.500000;5426.000000;4357.662109;455541
2019-02-18;5454.000000;5485.500000;5404.000000;5483.500000;4403.840820;505508
2019-02-19;5483.500000;5496.000000;5428.500000;5443.500000;4371.716309;518735
2019-02-20;5454.000000;5495.000000;5438.500000;5445.000000;4372.920898;583804
2019-02-21;5438.000000;5465.500000;5416.000000;5447.500000;4374.928711;473013
2019-02-22;5452.000000;5527.000000;5445.500000;5527.000000;4438.775391;570935
2019-02-25;5531.000000;5587.500000;5496.500000;5533.000000;4443.594238;548742
2019-02-26;5510.000000;5551.000000;5455.500000;5551.000000;4458.050781;595094
2019-02-27;5561.000000;5581.000000;5526.500000;5580.000000;4481.340332;472896
2019-02-28;5574.000000;5587.500000;5501.000000;5501.000000;4417.895020;852105
2019-03-01;5517.000000;5535.000000;5488.000000;5500.500000;4417.493652;486945
2019-03-04;5502.500000;5550.000000;5467.000000;5546.500000;4454.436523;425266
2019-03-05;5535.000000;5660.000000;5530.000000;5622.500000;4515.473145;649004
2019-03-06;5603.000000;5730.000000;5603.000000;5713.000000;4588.153809;770123
2019-03-07;5690.000000;5719.500000;5642.500000;5677.000000;4559.242188;621335
2019-03-11;5649.000000;5669.000000;5564.000000;5584.000000;4484.552734;551700
2019-03-12;5584.000000;5618.500000;5571.000000;5580.500000;4481.741699;509889
2019-03-13;5574.000000;5592.000000;5542.500000;5591.500000;4490.576660;371413
2019-03-14;5616.000000;5627.000000;5580.000000;5604.500000;4501.016602;399274
2019-03-15;5608.000000;5623.500000;5575.500000;5615.000000;4509.448730;399191
2019-03-18;5625.500000;5674.500000;5600.000000;5621.000000;4514.268066;414283
2019-03-19;5615.000000;5666.500000;5595.000000;5644.500000;4533.141113;439285
2019-03-20;5682.500000;5749.000000;5664.000000;5746.000000;4614.656738;527978
2019-03-21;5773.000000;5793.500000;5730.000000;5749.500000;4617.467773;996315
2019-03-22;5759.000000;5799.000000;5732.000000;5793.500000;4652.803711;700914
2019-03-25;5760.000000;5775.000000;5729.000000;5742.500000;4611.845215;602585
2019-03-26;5749.000000;5819.500000;5728.500000;5797.500000;4656.016602;411702
2019-03-27;5805.000000;5859.500000;5802.500000;5840.000000;4690.148926;455760
2019-03-28;5840.000000;5890.000000;5809.000000;5885.000000;4726.288574;561286
2019-03-29;5881.500000;5895.000000;5841.000000;5861.000000;4707.013672;563000
2019-04-01;5893.000000;5942.500000;5878.500000;5919.000000;4753.593750;379033
2019-04-02;5919.000000;5951.500000;5902.000000;5944.000000;4773.671875;511533
2019-04-03;5961.000000;5996.000000;5933.000000;5937.500000;4768.451660;552318
2019-04-04;5929.000000;5942.500000;5880.000000;5883.500000;4725.083496;526666
2019-04-05;5865.000000;5905.000000;5829.000000;5857.500000;4704.203125;384587
2019-04-08;5851.500000;5866.500000;5816.000000;5818.000000;4672.479980;512834
2019-04-09;5851.000000;5851.000000;5695.000000;5725.000000;4597.791016;951184
2019-04-10;5736.000000;5738.500000;5687.500000;5696.500000;4574.903320;573559
2019-04-11;5689.500000;5695.000000;5627.500000;5635.000000;4525.511230;619296
2019-04-12;5632.000000;5647.500000;5577.500000;5585.000000;4485.355957;502959
2019-04-15;5601.000000;5637.500000;5586.000000;5590.000000;4489.372070;435112
2019-04-16;5603.000000;5662.000000;5563.000000;5609.500000;4505.032715;733561
2019-04-17;5630.000000;5650.000000;5548.000000;5584.000000;4484.552734;654558
2019-04-18;5584.000000;5610.000000;5570.000000;5610.000000;4505.433594;469684
2019-04-19;5620.000000;5632.500000;5600.000000;5602.000000;4499.008789;83771
2019-04-22;5625.000000;5696.500000;5621.500000;5690.000000;4569.682617;276852
2019-04-23;5700.000000;5833.500000;5700.000000;5780.000000;4641.961426;814827
2019-04-24;5778.000000;5800.000000;5713.500000;5760.000000;4625.899902;637310
2019-04-25;5768.000000;5787.000000;5648.500000;5648.500000;4536.353027;813292
2019-04-26;5648.000000;5648.000000;5585.000000;5588.000000;4487.765625;671743
2019-04-29;5612.000000;5650.000000;5545.500000;5552.000000;4458.854004;461635
2019-04-30;5560.000000;5581.000000;5475.000000;5511.000000;4425.925781;924698
2019-05-02;5510.000000;5574.000000;5506.500000;5551.000000;4458.050781;551551
2019-05-03;5571.500000;5599.500000;5444.000000;5453.000000;4379.345703;729286
2019-05-06;5421.000000;5478.000000;5369.000000;5478.000000;4399.423340;439246
2019-05-07;5470.500000;5479.500000;5362.000000;5405.500000;4341.198242;1172134
2019-05-08;5400.500000;5406.500000;5331.000000;5331.000000;4281.367188;804567
2019-05-10;5315.500000;5349.500000;5258.000000;5290.000000;4248.439453;686582
2019-05-13;5300.000000;5378.000000;5287.500000;5350.000000;4296.625488;821742
2019-05-14;5330.500000;5340.000000;5165.000000;5183.500000;4162.908203;1994713
2019-05-15;5206.500000;5206.500000;5035.500000;5043.000000;4050.071533;1455390
2019-05-16;5000.000000;5297.500000;4980.000000;5234.000000;4203.465332;2644438
2019-05-17;5170.000000;5292.500000;5170.000000;5260.000000;4224.345703;1404659
2019-05-20;5254.500000;5289.000000;5172.500000;5172.500000;4154.074219;984747
2019-05-21;5190.000000;5329.500000;5173.000000;5300.000000;4256.470703;1132972
2019-05-22;5299.500000;5364.500000;5281.000000;5317.500000;4270.524902;747069
2019-05-23;5300.000000;5308.000000;5260.000000;5275.000000;4236.393066;869165
2019-05-24;5289.000000;5313.000000;5227.500000;5240.000000;4208.283691;848174
2019-05-27;5250.000000;5277.000000;5198.000000;5220.000000;4192.221680;511953
2019-05-28;5245.000000;5272.000000;5055.000000;5100.000000;4095.848633;6565822
2019-05-29;5094.000000;5249.000000;5064.500000;5240.000000;4208.283691;1640216
2019-05-30;5260.000000;5324.000000;5205.000000;5230.000000;4200.252930;1040325
2019-05-31;5200.000000;5268.500000;5185.000000;5268.500000;4231.172852;877247
2019-06-03;5256.000000;5287.000000;5226.000000;5254.500000;4219.929199;891610
2019-06-04;5250.500000;5276.500000;5142.500000;5170.000000;4152.066406;1120517
2019-06-05;5179.500000;5184.500000;5090.000000;5109.500000;4103.478027;830809
2019-06-06;5105.000000;5156.000000;5095.000000;5152.000000;4137.610352;718334
2019-06-07;5170.000000;5184.000000;5115.000000;5133.000000;4122.351074;1285920
2019-06-10;5140.000000;5186.000000;5140.000000;5181.000000;4160.900391;602248
2019-06-11;5175.000000;5247.000000;5165.000000;5237.000000;4205.874512;1054336
2019-06-13;5210.000000;5229.000000;5155.000000;5210.500000;4184.592285;1000055
2019-06-14;5192.000000;5236.500000;5178.500000;5178.500000;4158.892578;744740
2019-06-17;5178.000000;5220.500000;5163.000000;5190.000000;4168.128418;776446
2019-06-18;5183.000000;5230.000000;5157.500000;5230.000000;4200.252930;936099
2019-06-19;5231.000000;5255.500000;5169.000000;5245.000000;4212.299316;857438
2019-06-20;5267.000000;5357.500000;5258.500000;5320.000000;4272.532715;1663692
2019-06-21;5307.000000;5338.000000;5268.500000;5338.000000;4286.988281;1544936
2019-06-24;5338.000000;5349.000000;5270.000000;5270.000000;4232.377441;568356
2019-06-25;5264.000000;5311.500000;5252.500000;5309.500000;4264.099121;596594
2019-06-26;5307.500000;5379.000000;5307.500000;5358.500000;4303.452637;679718
2019-06-27;5365.000000;5417.000000;5344.000000;5380.000000;4320.718750;555938
2019-06-28;5380.000000;5401.500000;5292.500000;5305.000000;4260.485840;777518
2019-07-01;5358.000000;5414.000000;5352.500000;5378.500000;4319.514648;576904
2019-07-02;5388.000000;5409.500000;5359.000000;5372.000000;4314.293945;534736
2019-07-03;5378.000000;5387.500000;5326.500000;5345.500000;4293.011719;611671
2019-07-04;5346.000000;5479.500000;5340.500000;5464.500000;4388.582031;743542
2019-07-05;5469.000000;5530.000000;5431.000000;5460.000000;4384.967285;1034667
2019-07-08;5326.000000;5379.000000;5310.000000;5357.500000;4428.362305;678583
2019-07-09;5357.500000;5389.000000;5353.000000;5374.000000;4442.000977;471887
2019-07-10;5374.000000;5376.000000;5312.000000;5365.000000;4434.562012;624830
2019-07-11;5368.500000;5374.500000;5250.000000;5270.000000;4356.037598;717382
2019-07-12;5266.000000;5287.000000;5210.500000;5263.000000;4350.250977;509042
2019-07-15;5254.000000;5263.500000;5151.500000;5178.500000;4280.405762;670344
2019-07-16;5177.000000;5200.500000;5125.000000;5190.500000;4290.325195;659691
2019-07-17;5190.000000;5243.000000;5172.000000;5206.000000;4303.136719;579687
2019-07-18;5197.500000;5223.500000;5166.000000;5166.000000;4270.074219;364670
2019-07-19;5185.000000;5235.000000;5185.000000;5200.500000;4298.590820;284084
2019-07-22;5215.500000;5240.000000;5165.500000;5165.500000;4269.660156;359312
2019-07-23;5175.000000;5215.000000;5166.500000;5202.500000;4300.244141;298386
2019-07-24;5204.500000;5205.000000;5117.000000;5134.500000;4244.037109;538083
2019-07-25;5147.000000;5155.000000;5062.000000;5096.500000;4212.626953;838545
2019-07-26;5094.000000;5150.500000;5065.000000;5075.000000;4194.855957;881244
2019-07-29;5076.000000;5118.000000;5070.000000;5094.500000;4210.974609;390034
2019-07-30;5085.500000;5106.500000;5056.000000;5105.000000;4219.653320;685392
2019-07-31;5111.000000;5262.000000;5102.500000;5226.500000;4320.081543;1160288
2019-08-01;5205.500000;5288.500000;5194.000000;5220.500000;4315.122070;738210
2019-08-02;5168.500000;5245.000000;5110.000000;5130.000000;4240.316895;1026138
2019-08-05;5130.000000;5169.000000;5073.500000;5139.000000;4247.756348;1082766
2019-08-06;5135.000000;5234.500000;5120.500000;5234.500000;4326.694336;1314452
2019-08-07;5234.000000;5262.500000;5160.000000;5210.000000;4306.442871;1157490
2019-08-08;5236.500000;5302.500000;5236.500000;5268.000000;4354.384277;1010794
2019-08-09;5275.000000;5287.000000;5230.500000;5287.000000;4370.089844;766914
2019-08-12;5319.500000;5344.000000;5292.000000;5320.000000;4397.366211;721090
2019-08-13;5329.500000;5330.000000;5263.500000;5276.000000;4360.996582;796943
2019-08-14;5265.500000;5283.000000;5090.500000;5106.500000;4220.892578;944164
2019-08-15;5115.000000;5123.500000;5023.500000;5023.500000;4152.287109;888302
2019-08-16;5048.000000;5125.000000;4982.000000;5000.000000;4132.862793;1041926
2019-08-19;5030.000000;5298.000000;4996.000000;5240.000000;4331.240234;1904327
2019-08-20;5260.000000;5326.500000;5203.000000;5326.500000;4402.738770;1053295
2019-08-21;5335.000000;5336.000000;5254.000000;5278.000000;4362.650391;790942
2019-08-22;5287.500000;5305.000000;5231.000000;5275.000000;4360.170898;601288
2019-08-23;5278.000000;5286.500000;5158.500000;5183.500000;4284.538574;742478
2019-08-26;5147.000000;5210.000000;5097.500000;5115.000000;4227.918945;566049
2019-08-27;5124.000000;5124.000000;5035.000000;5086.500000;4204.361328;2851824
2019-08-28;5095.500000;5242.500000;5055.500000;5195.000000;4294.043945;1911636
2019-08-29;5219.500000;5391.000000;5199.000000;5356.000000;4427.123047;1905558
2019-08-30;5356.000000;5395.000000;5327.000000;5379.500000;4446.547363;740271
2019-09-02;5366.000000;5506.000000;5342.000000;5475.000000;4525.484375;843920
2019-09-03;5452.000000;5469.000000;5371.000000;5419.000000;4479.196777;667867
2019-09-04;5434.500000;5476.000000;5426.500000;5450.000000;4504.820313;683721
2019-09-05;5460.000000;5549.500000;5460.000000;5524.500000;4566.399902;794565
2019-09-06;5525.500000;5555.000000;5465.000000;5526.500000;4568.053223;692582
2019-09-09;5537.000000;5568.000000;5471.000000;5500.000000;4546.149414;393729
2019-09-10;5500.500000;5504.500000;5427.000000;5476.000000;4526.311523;485280
2019-09-11;5478.500000;5540.000000;5437.000000;5540.000000;4579.211914;698686
2019-09-12;5525.000000;5536.500000;5387.500000;5429.500000;4487.875488;853194
2019-09-13;5406.500000;5409.500000;5340.500000;5377.500000;4444.893555;638231
2019-09-16;5484.000000;5582.500000;5479.500000;5559.000000;4594.916992;1877393
2019-09-17;5560.000000;5600.000000;5416.000000;5472.500000;4523.418457;1006856
2019-09-18;5465.000000;5480.500000;5420.000000;5467.000000;4518.872559;573525
2019-09-19;5455.000000;5470.500000;5382.000000;5391.000000;4456.052734;1113944
2019-09-20;5389.000000;5489.000000;5371.000000;5489.000000;4537.056641;1578781
2019-09-23;5460.000000;5460.000000;5403.000000;5420.000000;4480.023438;622325
2019-09-24;5424.000000;5438.500000;5317.500000;5337.500000;4411.831543;688395
2019-09-25;5326.500000;5343.500000;5265.500000;5343.500000;4416.790527;628849
2019-09-26;5345.000000;5399.000000;5321.000000;5387.500000;4453.159668;619344
2019-09-27;5383.000000;5439.500000;5370.000000;5405.000000;4467.625000;414147
2019-09-30;5406.000000;5435.000000;5375.500000;5387.500000;4453.159668;477623
2019-10-01;5390.000000;5750.000000;5385.000000;5530.000000;4570.946777;1695589
2019-10-02;5530.000000;5560.000000;5405.000000;5410.000000;4471.757324;900852
2019-10-03;5411.000000;5450.000000;5354.000000;5362.500000;4432.495605;666857
2019-10-04;5384.000000;5413.500000;5300.000000;5335.000000;4409.764648;626907
2019-10-07;5341.000000;5388.500000;5321.000000;5367.000000;4436.214844;421486
2019-10-08;5376.000000;5382.000000;5315.000000;5320.000000;4397.366211;547392
2019-10-09;5319.000000;5337.500000;5290.000000;5304.000000;4384.141113;532105
2019-10-10;5308.000000;5347.000000;5261.000000;5318.500000;4396.125977;413506
2019-10-11;5350.000000;5466.500000;5335.000000;5425.000000;4484.156250;827177
2019-10-14;5448.500000;5466.000000;5387.000000;5441.000000;4497.381348;584158
2019-10-15;5446.000000;5622.500000;5413.500000;5601.500000;4630.046387;1786560
2019-10-16;5618.000000;5803.500000;5578.000000;5715.500000;4724.275879;3703802
2019-10-17;5730.000000;5817.000000;5697.000000;5704.000000;4714.770020;1612861
2019-10-18;5716.000000;5748.000000;5698.000000;5720.000000;4727.995605;717802
2019-10-21;5722.000000;5808.500000;5705.500000;5768.000000;4767.670898;1074335
2019-10-22;5800.000000;5860.500000;5771.000000;5860.500000;4844.128418;1208186
2019-10-23;5849.500000;5976.000000;5828.000000;5976.000000;4939.597656;1070604
2019-10-24;5960.000000;6156.000000;5957.000000;6150.000000;5083.421875;1730214
2019-10-25;6121.000000;6150.000000;6026.500000;6117.500000;5056.558105;892202
2019-10-28;6128.500000;6194.000000;5881.000000;5916.000000;4890.003418;1870618
2019-10-29;5920.000000;5950.000000;5775.500000;5820.000000;4810.652832;1880721
2019-10-30;5808.000000;5896.000000;5775.000000;5850.000000;4835.449707;1273089
2019-10-31;5854.000000;5977.000000;5854.000000;5919.500000;4892.895996;1293941
2019-11-01;5933.500000;6045.000000;5923.000000;6021.000000;4976.793457;797741
2019-11-05;6066.500000;6098.000000;5955.000000;6008.000000;4966.047852;821452
2019-11-06;6003.500000;6140.000000;5971.000000;6140.000000;5075.155273;1021395
2019-11-07;6105.000000;6144.000000;6081.000000;6133.500000;5069.782715;1047562
2019-11-08;6120.000000;6135.000000;6000.000000;6040.000000;4992.498047;729467
2019-11-11;6000.000000;6048.000000;5958.500000;6048.000000;4999.110352;619945
2019-11-12;6044.000000;6098.500000;5991.000000;6033.000000;4986.712402;633653
2019-11-13;6004.500000;6053.000000;5976.000000;6050.000000;5000.764648;529921
2019-11-14;6062.000000;6165.000000;6005.500000;6084.500000;5029.280273;1035327
2019-11-15;6096.000000;6170.000000;6073.500000;6161.000000;5092.513184;862770
2019-11-18;6177.500000;6194.000000;6066.500000;6077.000000;5023.081543;674965
2019-11-19;6090.000000;6137.000000;6071.000000;6090.000000;5033.826660;536467
2019-11-20;6066.500000;6110.000000;6025.500000;6084.500000;5029.280273;535480
2019-11-21;6050.000000;6088.000000;6035.000000;6087.500000;5031.760254;437969
2019-11-22;6062.000000;6155.000000;6062.000000;6120.000000;5058.624512;636349
2019-11-25;6135.000000;6137.500000;6090.000000;6103.000000;5044.572266;394176
2019-11-26;6105.000000;6150.000000;6060.000000;6060.000000;5009.029785;2322007
2019-11-27;6069.000000;6125.500000;6060.000000;6065.000000;5013.163086;839412
2019-11-28;6078.000000;6133.000000;6034.000000;6120.000000;5058.624512;724816
2019-11-29;6120.000000;6159.500000;6084.500000;6137.500000;5073.088867;700302
2019-12-02;6150.000000;6227.500000;6121.500000;6159.500000;5091.273438;946654
2019-12-03;6159.500000;6181.000000;6031.500000;6040.000000;4992.498047;912501
2019-12-04;6051.500000;6106.500000;6025.500000;6073.000000;5019.775391;682503
2019-12-05;6082.000000;6128.500000;6054.500000;6121.500000;5059.864258;667172
2019-12-06;6126.000000;6220.000000;6112.500000;6220.000000;5141.281250;714458
2019-12-09;6236.000000;6254.500000;6182.000000;6182.000000;5109.871582;774803
2019-12-10;6176.000000;6191.500000;6090.000000;6095.000000;5037.959961;844629
2019-12-11;6088.500000;6169.000000;6080.000000;6110.000000;5050.358398;917654
2019-12-12;6152.000000;6165.000000;6100.000000;6136.000000;5071.849609;1810421
2019-12-13;6164.500000;6197.000000;6145.000000;6168.000000;5098.299805;1142550
2019-12-16;6170.000000;6212.500000;6170.000000;6190.000000;5116.484375;704074
2019-12-17;6193.000000;6238.500000;6187.500000;6226.000000;5146.240723;876963
2019-12-18;6227.000000;6258.500000;6224.500000;6250.500000;5166.491699;1007116
2019-12-19;6090.000000;6150.000000;6048.500000;6079.000000;5183.973633;1621057
2019-12-20;6090.000000;6097.000000;6046.000000;6079.500000;5184.400391;2327379
2019-12-23;6075.500000;6095.000000;6068.500000;6082.000000;5186.531738;770139
2019-12-24;6084.500000;6084.500000;6050.000000;6080.500000;5185.252441;375764
2019-12-25;6082.500000;6089.500000;6073.000000;6081.000000;5185.679199;237221
2019-12-26;6080.000000;6090.000000;6076.000000;6085.000000;5189.090332;252225
2019-12-27;6091.000000;6155.000000;6086.500000;6150.000000;5244.520508;459574
2019-12-30;6153.000000;6174.500000;6144.000000;6169.000000;5260.722656;397600
2020-01-03;6203.500000;6294.000000;6185.000000;6294.000000;5367.318848;795869
2020-01-06;6331.000000;6382.000000;6291.000000;6382.000000;5442.361816;754518
2020-01-08;6400.000000;6513.000000;6350.500000;6496.500000;5540.004395;976346
2020-01-09;6450.000000;6523.500000;6393.500000;6430.000000;5483.294922;885962
2020-01-10;6430.500000;6505.000000;6395.000000;6490.000000;5534.461426;499118
2020-01-13;6492.000000;6541.500000;6465.000000;6530.000000;5568.572266;578058
2020-01-14;6541.500000;6566.500000;6459.500000;6520.500000;5560.470215;719815
2020-01-15;6519.000000;6574.000000;6480.000000;6552.500000;5587.759277;1055275
2020-01-16;6558.000000;6596.000000;6542.000000;6590.000000;5619.737793;1021851
2020-01-17;6590.000000;6714.500000;6581.000000;6685.000000;5700.750977;1209943
2020-01-20;6700.000000;6770.000000;6684.500000;6717.000000;5728.039063;446766
2020-01-21;6689.000000;6716.000000;6611.000000;6708.500000;5720.790527;548726
2020-01-22;6719.000000;6810.000000;6655.500000;6655.500000;5675.594238;868110
2020-01-23;6611.000000;6633.500000;6536.500000;6590.000000;5619.737793;1219853
2020-01-24;6604.000000;6650.000000;6592.500000;6620.000000;5645.321289;507801
2020-01-27;6540.000000;6569.500000;6413.000000;6545.000000;5581.362793;1078056
2020-01-28;6565.000000;6657.000000;6503.500000;6650.000000;5670.904297;770628
2020-01-29;6695.500000;6726.000000;6601.500000;6633.000000;5656.406738;948595
2020-01-30;6499.000000;6535.000000;6415.000000;6443.500000;5494.807617;1606076
2020-01-31;6635.000000;6670.000000;6540.500000;6550.500000;5586.053223;1766739
2020-02-03;6517.000000;6600.000000;6517.000000;6594.500000;5623.575684;2677679
2020-02-04;6602.500000;6633.000000;6490.000000;6500.000000;5542.988770;1671202
2020-02-05;6517.500000;6595.000000;6452.000000;6550.500000;5586.053223;1105363
2020-02-06;6587.500000;6605.000000;6501.000000;6506.500000;5548.531738;686416
2020-02-07;6506.500000;6529.000000;6405.000000;6450.500000;5500.776367;946056
2020-02-10;6450.500000;6451.500000;6350.000000;6410.000000;5466.239258;958337
2020-02-11;6423.000000;6441.500000;6324.500000;6397.500000;5455.580078;1293541
2020-02-12;6397.000000;6466.000000;6384.500000;6466.000000;5513.994629;950696
2020-02-13;6455.000000;6500.000000;6388.000000;6470.500000;5517.832520;713241
2020-02-14;6486.000000;6498.000000;6410.000000;6451.000000;5501.203125;484610
2020-02-17;6439.000000;6483.500000;6431.000000;6463.000000;5511.436035;350713
2020-02-18;6441.000000;6442.000000;6350.500000;6378.500000;5439.377441;715980
2020-02-19;6407.000000;6516.000000;6405.000000;6509.000000;5550.664063;636803
2020-02-20;6522.000000;6560.000000;6492.500000;6543.500000;5580.084473;741578
2020-02-21;6519.000000;6527.500000;6450.000000;6450.000000;5500.350586;613524
2020-02-25;6300.000000;6348.500000;6150.500000;6165.000000;5257.311035;1443783
2020-02-26;6150.000000;6268.000000;6105.500000;6256.500000;5335.339355;1646844
2020-02-27;6140.000000;6186.000000;6000.000000;6000.000000;5116.605469;1509934
2020-02-28;5840.000000;5870.000000;5607.000000;5699.500000;4860.348633;3136177
2020-03-02;5815.000000;5897.500000;5540.000000;5550.000000;4732.859375;2913732
2020-03-03;5700.000000;5900.000000;5661.000000;5782.000000;4930.701660;1955344
2020-03-04;5740.500000;5928.500000;5701.500000;5908.500000;5038.577148;1604421
2020-03-05;5980.000000;5996.000000;5830.000000;5862.500000;4999.349609;1533383
2020-03-06;5744.500000;5775.000000;5534.500000;5592.000000;4768.676270;2270105
2020-03-10;5033.000000;5083.000000;4450.000000;4549.000000;3879.239502;7526760
2020-03-11;4651.000000;4988.000000;4520.000000;4908.000000;4185.383301;4816839
2020-03-12;4625.000000;4745.500000;4487.500000;4511.500000;3847.260498;3688507
2020-03-13;4500.000000;4760.000000;4414.000000;4414.000000;3764.115723;3674347
2020-03-16;4414.000000;4414.000000;4414.000000;4414.000000;3764.115723;0
2020-03-17;4215.000000;4326.500000;4030.000000;4168.500000;3554.761475;2247349
2020-03-18;4050.500000;4145.000000;3744.000000;3754.000000;3201.289063;3646288
2020-03-19;3830.000000;4484.500000;3663.000000;4333.000000;3695.041504;4777045
2020-03-20;4501.000000;4745.000000;4408.000000;4472.500000;3814.002686;5026033
2020-03-23;4250.000000;4409.000000;4122.000000;4175.500000;3560.730713;3410036
2020-03-24;4500.000000;4550.000000;4362.500000;4494.000000;3832.337646;2409326
2020-03-25;4596.000000;4725.000000;4400.000000;4590.000000;3914.202881;2900489
2020-03-26;4555.000000;4700.000000;4484.500000;4700.000000;4008.007080;2001929
2020-03-27;4699.000000;4745.000000;4401.500000;4430.000000;3777.760010;2095726
2020-03-30;4355.000000;4459.000000;4313.000000;4459.000000;3802.490234;1725236
2020-03-31;4550.000000;4715.000000;4501.000000;4715.000000;4020.799072;2433310
2020-04-01;4596.000000;4734.500000;4564.000000;4674.500000;3986.261475;1919728
2020-04-02;4865.000000;5229.500000;4787.500000;5050.000000;4306.476074;3860103
2020-04-03;5050.000000;5364.000000;4927.000000;5204.500000;4438.228516;3133078
2020-04-06;5212.000000;5270.000000;5064.000000;5163.000000;4402.838867;2296193
2020-04-07;5260.000000;5260.000000;5052.500000;5118.000000;4364.463867;1842884
2020-04-08;5063.000000;5175.000000;5036.500000;5140.000000;4383.225586;1926786
2020-04-09;5198.000000;5275.000000;5052.000000;5201.000000;4435.243652;2296255
2020-04-10;5120.000000;5139.500000;5064.000000;5130.000000;4374.697266;716521
2020-04-13;5118.500000;5125.000000;4933.000000;5040.000000;4297.948242;941577
2020-04-14;5088.000000;5119.500000;4825.000000;4844.000000;4130.805664;2050966
2020-04-15;4800.000000;4800.000000;4453.000000;4484.000000;3823.809570;2653586
2020-04-16;4501.500000;4631.000000;4365.000000;4561.500000;3889.899414;3418181
2020-04-17;4696.000000;4697.000000;4545.000000;4620.000000;3939.785400;1691455
2020-04-20;4559.500000;4637.000000;4455.000000;4522.500000;3856.641113;1901928
2020-04-21;4402.000000;4533.500000;4281.000000;4475.000000;3816.134521;3803184
2020-04-22;4435.500000;4810.500000;4435.500000;4810.500000;4102.238281;3441491
2020-04-23;4894.500000;4979.500000;4730.000000;4902.500000;4180.692871;2564752
2020-04-24;4874.500000;4876.000000;4720.000000;4745.500000;4046.808350;1849964
2020-04-27;4745.000000;4790.000000;4620.000000;4650.000000;3965.369141;1687755
2020-04-28;4624.000000;4808.000000;4624.000000;4738.500000;4040.839111;2736525
2020-04-29;4779.000000;4940.000000;4750.000000;4897.000000;4176.002441;2888562
2020-04-30;4940.000000;5039.500000;4816.500000;4826.500000;4115.882324;3034509
2020-05-04;4787.000000;4909.500000;4751.500000;4848.500000;4134.643066;1261445
2020-05-05;4950.000000;4985.000000;4880.000000;4975.000000;4242.518555;1430540
2020-05-06;5000.000000;5012.500000;4825.000000;4857.500000;4142.318359;1867699
2020-05-07;4865.000000;4950.000000;4825.000000;4839.000000;4126.541504;1713477
2020-05-08;4862.500000;4872.500000;4733.000000;4832.000000;4120.572266;1618465
2020-05-12;4841.000000;4928.000000;4829.000000;4897.500000;4176.428711;1312203
2020-05-13;4877.500000;4896.000000;4815.500000;4819.000000;4109.486328;1151391
2020-05-14;4800.000000;4870.000000;4777.000000;4870.000000;4152.978027;1477143
2020-05-15;4933.000000;4968.000000;4874.500000;4874.500000;4156.814941;1659668
2020-05-18;4978.500000;5191.500000;4943.000000;5170.500000;4409.234863;2517559
2020-05-19;5193.000000;5285.000000;5188.000000;5272.000000;4495.790527;2107046
2020-05-20;5275.000000;5471.000000;5238.000000;5450.000000;4647.582520;2241698
2020-05-21;5459.000000;5548.000000;5227.000000;5286.000000;4507.728516;2659586
2020-05-22;5190.500000;5348.000000;5186.500000;5317.000000;4534.165039;1591595
2020-05-25;5349.500000;5420.000000;5344.500000;5412.500000;4615.604492;619003
2020-05-26;5500.000000;5539.500000;5435.500000;5445.000000;4643.319336;1608166
2020-05-27;5424.000000;5515.500000;5285.000000;5352.500000;4564.437988;1740887
2020-05-28;5355.000000;5484.500000;5311.000000;5392.000000;4598.122559;1392948
2020-05-29;5380.000000;5380.000000;5224.000000;5242.500000;4470.633789;2452558
2020-06-01;5349.500000;5412.500000;5269.000000;5318.000000;4535.017578;1315418
2020-06-02;5357.000000;5433.000000;5340.000000;5400.000000;4604.944336;1356985
2020-06-03;5450.000000;5566.500000;5424.000000;5549.500000;4732.433594;2084320
2020-06-04;5530.500000;5553.000000;5430.000000;5430.000000;4630.527832;1480873
2020-06-05;5475.000000;5511.500000;5434.000000;5460.000000;4656.110352;1220018
2020-06-08;5490.000000;5527.500000;5351.000000;5372.000000;4581.066895;1556909
2020-06-09;5400.000000;5428.500000;5305.500000;5425.000000;4626.263672;1389733
2020-06-10;5410.000000;5432.000000;5314.000000;5342.000000;4555.483887;1522348
2020-06-11;5305.000000;5355.500000;5270.500000;5350.000000;4562.306152;1439733
2020-06-15;5220.000000;5278.000000;5120.000000;5264.000000;4488.968262;1756019
2020-06-16;5327.000000;5474.500000;5310.500000;5392.000000;4598.122559;1603883
2020-06-17;5418.000000;5441.500000;5301.000000;5343.000000;4556.336914;1356719
2020-06-18;5330.000000;5376.000000;5290.000000;5347.000000;4559.748047;1229137
2020-06-19;5411.500000;5490.000000;5389.000000;5460.000000;4656.110352;1875155
2020-06-22;5436.500000;5504.500000;5392.000000;5457.000000;4653.552246;936735
2020-06-23;5480.000000;5506.500000;5437.500000;5468.000000;4662.933105;919169
2020-06-25;5325.000000;5385.000000;5310.500000;5371.000000;4580.213867;1482482
2020-06-26;5388.000000;5407.000000;5303.000000;5323.500000;4539.708008;739594
2020-06-29;5303.000000;5327.000000;5266.500000;5313.000000;4530.753906;933766
2020-06-30;5292.500000;5299.500000;5281.000000;5298.500000;4518.388672;882300
2020-07-02;5339.500000;5413.500000;5322.500000;5409.000000;4612.619629;1008582
2020-07-03;5415.500000;5431.000000;5375.500000;5423.500000;4624.984375;459660
2020-07-06;5451.500000;5512.000000;5450.000000;5473.000000;4667.196777;1097323
2020-07-07;5475.000000;5492.500000;5429.500000;5476.500000;4670.180664;973195
2020-07-08;5465.000000;5479.000000;5405.000000;5424.000000;4625.411133;1324188
2020-07-09;5157.500000;5175.000000;5061.000000;5080.000000;4630.880371;1660363
2020-07-10;5048.500000;5101.500000;5026.500000;5094.500000;4644.099121;963018
2020-07-13;5116.000000;5133.500000;4951.500000;4965.000000;4526.047852;1124074
2020-07-14;4933.500000;4933.500000;4784.500000;4859.000000;4429.419434;1980243
2020-07-15;4901.500000;4997.000000;4865.000000;4923.500000;4488.216309;2008515
2020-07-16;4929.000000;4974.000000;4895.000000;4957.000000;4518.755371;767281
2020-07-17;4950.500000;4972.000000;4911.000000;4949.000000;4511.462402;543412
2020-07-20;4948.000000;4970.000000;4910.000000;4932.000000;4495.965332;820913
2020-07-21;4961.000000;4973.000000;4958.500000;4965.500000;4526.503418;1488734
2020-07-22;4953.000000;5063.000000;4953.000000;5024.500000;4580.287109;1274994
2020-07-23;5060.000000;5089.500000;4978.000000;5003.500000;4561.144043;973389
2020-07-24;4968.000000;5010.000000;4941.500000;4971.500000;4531.973145;1099283
2020-07-27;4992.500000;5039.000000;4979.000000;4997.500000;4555.674316;802899
2020-07-28;5021.500000;5036.500000;4978.500000;5024.000000;4579.831543;838913
2020-07-29;5034.000000;5193.000000;5022.000000;5174.000000;4716.570313;1780182
2020-07-30;5170.000000;5178.000000;5055.000000;5090.500000;4640.452148;1091797
2020-07-31;5114.000000;5130.000000;5051.000000;5075.500000;4626.778320;830647
2020-08-03;5071.000000;5087.000000;5028.000000;5051.500000;4604.899902;762967
2020-08-04;5052.500000;5060.000000;5002.000000;5018.000000;4574.361816;726089
2020-08-05;5051.000000;5155.000000;5042.000000;5144.500000;4689.678223;1048763
2020-08-06;5150.500000;5174.000000;5091.000000;5127.000000;4673.725586;860565
2020-08-07;5130.000000;5125.500000;5066.000000;5091.000000;4640.908691;527239
2020-08-10;5100.000000;5153.000000;5095.000000;5107.000000;4655.493652;538189
2020-08-11;5115.000000;5210.000000;5113.000000;5204.000000;4743.917480;1098294
2020-08-12;5188.500000;5300.000000;5188.000000;5288.000000;4820.491699;1013885
2020-08-13;5300.000000;5342.500000;5252.500000;5289.500000;4821.858887;812768
2020-08-14;5323.000000;5323.000000;5234.500000;5280.000000;4813.198730;694804
2020-08-17;5303.000000;5321.500000;5235.000000;5260.500000;4795.422852;656085
2020-08-18;5255.000000;5296.000000;5231.000000;5273.000000;4806.817383;689497
2020-08-19;5266.000000;5313.000000;5245.000000;5262.500000;4797.246094;585621
2020-08-20;5220.000000;5231.000000;5088.000000;5110.000000;4658.228027;1178093
2020-08-21;5150.500000;5158.000000;5027.000000;5096.000000;4645.466309;1023855
2020-08-24;5110.000000;5198.000000;5103.500000;5181.500000;4723.406738;852609
2020-08-25;5199.500000;5228.000000;5145.000000;5220.000000;4758.503418;948015
2020-08-26;5230.000000;5288.000000;5197.000000;5285.000000;4817.756836;777335
2020-08-27;5286.000000;5292.500000;5154.000000;5190.000000;4731.155762;989395
2020-08-28;5170.000000;5170.000000;5056.500000;5065.500000;4617.662598;748185
2020-08-31;5095.500000;5128.500000;4960.000000;4984.500000;4543.823730;1368764
2020-09-01;4994.500000;5016.000000;4917.000000;4932.000000;4495.965332;1241139
2020-09-02;4952.500000;4978.000000;4828.500000;4851.500000;4422.582031;1483571
2020-09-03;4840.000000;4898.000000;4795.500000;4831.500000;4404.350586;1466569
2020-09-04;4802.000000;4888.000000;4802.000000;4844.000000;4415.745117;925908
2020-09-07;4829.000000;4849.500000;4790.000000;4794.000000;4370.166016;622094
2020-09-08;4723.500000;4731.000000;4716.000000;4729.000000;4310.912598;1267134
2020-09-09;4701.000000;4758.500000;4664.000000;4696.000000;4280.830078;1045774
2020-09-10;4716.000000;4736.000000;4631.500000;4676.000000;4262.598145;1024640
2020-09-11;4667.500000;4735.000000;4645.500000;4729.500000;4311.368164;789458
2020-09-14;4749.500000;4804.500000;4733.000000;4741.000000;4321.851074;915376
2020-09-15;4755.000000;4877.000000;4735.000000;4875.500000;4444.460449;1452877
2020-09-16;4893.000000;4929.500000;4821.500000;4850.000000;4421.214844;1303563
2020-09-17;4813.500000;4820.000000;4750.500000;4775.000000;4352.845215;1507257
2020-09-18;4805.000000;4812.500000;4655.000000;4683.500000;4269.434570;2845366
2020-09-21;4664.000000;4665.000000;4462.000000;4491.000000;4093.953613;2229598
2020-09-22;4504.000000;4560.000000;4458.000000;4502.000000;4103.981445;1386940
2020-09-23;4525.000000;4542.000000;4443.500000;4481.000000;4084.838135;1270381
2020-09-24;4459.500000;4584.500000;4410.000000;4568.000000;4164.146484;1552198
2020-09-25;4578.500000;4600.500000;4478.000000;4562.000000;4158.676758;1119811
2020-09-28;4574.500000;4634.500000;4552.500000;4617.500000;4209.270020;1018204
2020-09-29;4629.000000;4644.500000;4484.000000;4500.000000;4102.158203;1533170
2020-09-30;4487.000000;4520.500000;4457.000000;4494.500000;4097.144043;971146
2020-10-01;4489.000000;4506.500000;4390.500000;4416.000000;4025.584229;958421
2020-10-02;4376.500000;4380.000000;4313.000000;4365.000000;3979.093262;1163444
2020-10-05;4405.500000;4474.000000;4363.500000;4463.000000;4068.429199;1169112
2020-10-06;4492.000000;4563.500000;4486.500000;4516.000000;4116.743652;1012867
2020-10-07;4504.000000;4527.000000;4398.500000;4456.500000;4062.503906;1123170
2020-10-08;4481.500000;4503.000000;4431.000000;4491.500000;4094.409424;920106
2020-10-09;4510.000000;4510.000000;4411.000000;4463.500000;4068.885010;821917
2020-10-12;4444.000000;4493.500000;4428.500000;4456.000000;4062.048096;570479
2020-10-13;4440.000000;4473.000000;4364.000000;4378.500000;3991.399902;759693
2020-10-14;4371.500000;4385.500000;4326.000000;4345.000000;3960.861328;880234
2020-10-15;4345.000000;4345.000000;4345.000000;4345.000000;3960.861328;0
2020-10-16;4345.000000;4345.000000;4345.000000;4345.000000;3960.861328;0
2020-10-19;4280.000000;4296.000000;4190.000000;4201.000000;3829.592529;749768
2020-10-20;4188.000000;4272.500000;4188.000000;4271.500000;3893.859619;892217
2020-10-21;4297.000000;4297.000000;4203.500000;4212.000000;3839.619873;830163
2020-10-22;4190.000000;4318.000000;4182.000000;4291.000000;3911.635742;1006863
2020-10-23;4305.000000;4374.500000;4287.500000;4325.000000;3942.629395;956842
2020-10-26;4289.500000;4301.500000;4225.000000;4234.000000;3859.675049;759551
2020-10-27;4121.000000;4122.000000;4111.000000;4118.500000;3754.385986;1158210
2020-10-28;4095.000000;4106.000000;3961.000000;4033.500000;3676.901123;1921197
2020-10-29;4048.500000;4049.500000;4033.500000;4048.500000;3690.574707;1306778
2020-10-30;4001.000000;4089.000000;3970.000000;4053.000000;3694.677002;1167227
2020-11-02;4020.000000;4160.000000;3992.000000;4135.500000;3769.883301;1591683
2020-11-03;4160.000000;4269.500000;4160.000000;4227.000000;3853.293457;1456313
2020-11-05;4300.500000;4379.000000;4279.500000;4353.500000;3968.610107;1297122
2020-11-06;4306.000000;4418.500000;4272.000000;4400.500000;4011.454590;1297097
2020-11-09;4455.000000;4820.000000;4420.000000;4780.000000;4357.403320;4264087
2020-11-10;4750.000000;4950.000000;4702.000000;4895.000000;4462.236816;3067548
2020-11-11;4920.500000;4995.500000;4918.000000;4985.500000;4544.734863;2457966
2020-11-12;4898.500000;4904.500000;4890.000000;4895.000000;4462.236816;1764968
2020-11-13;4830.000000;4865.500000;4795.000000;4843.500000;4415.289551;836954
2020-11-16;4901.000000;4948.000000;4861.000000;4924.000000;4488.672363;1344644
2020-11-17;4943.000000;4953.000000;4796.500000;4846.000000;4417.568848;1427900
2020-11-18;4841.000000;4972.000000;4818.000000;4943.000000;4505.992188;1279688
2020-11-19;4880.000000;4937.000000;4850.000000;4901.000000;4467.705566;1156240
2020-11-20;4915.000000;4936.500000;4877.500000;4934.000000;4497.788574;661733
2020-11-23;4962.000000;5046.500000;4945.500000;4983.000000;4542.456055;1642211
2020-11-24;5056.000000;5152.000000;5050.000000;5149.000000;4693.780273;1927571
2020-11-25;5192.000000;5394.500000;5141.500000;5386.500000;4910.283203;2970066
2020-11-26;5396.000000;5400.000000;5236.000000;5240.000000;4776.734863;1771064
2020-11-27;5230.000000;5266.500000;5164.500000;5261.500000;4796.334473;1537976
2020-11-30;5200.000000;5250.000000;5026.000000;5041.000000;4595.328125;3366236
2020-12-01;5072.000000;5121.000000;5027.000000;5050.000000;4603.533203;1422736
2020-12-02;5034.000000;5188.500000;5024.000000;5179.500000;4721.583984;1386150
2020-12-03;5172.000000;5184.500000;4988.000000;5057.500000;4610.369629;1904963
2020-12-04;5122.000000;5195.000000;5097.500000;5117.000000;4664.609375;1421360
2020-12-07;5103.500000;5143.000000;5038.000000;5054.000000;4607.179199;1067519
2020-12-08;5015.500000;5059.000000;4953.000000;4998.500000;4556.585938;1207303
2020-12-09;5004.000000;5128.000000;4980.000000;5033.500000;4588.491699;1438988
2020-12-10;5006.500000;5338.000000;5005.500000;5291.000000;4823.226563;2337463
2020-12-11;5298.500000;5420.000000;5275.000000;5400.000000;4922.589355;2077253
2020-12-14;5420.000000;5494.000000;5262.000000;5291.500000;4823.682129;1997996
2020-12-15;5306.500000;5399.500000;5220.000000;5245.500000;4781.749023;1394977
2020-12-16;5299.500000;5307.000000;5105.000000;5161.500000;4705.174805;2160786
2020-12-17;5180.000000;5244.500000;5104.000000;5160.000000;4746.105469;1960922
2020-12-18;5173.000000;5176.500000;5075.000000;5143.500000;4730.929199;2615189
2020-12-21;5061.500000;5103.500000;4939.000000;5048.500000;4643.549805;2329382
2020-12-22;5040.500000;5138.000000;5040.500000;5101.500000;4692.298340;1085047
2020-12-23;5070.000000;5130.000000;5047.500000;5112.000000;4701.956055;565009
2020-12-24;5128.500000;5148.000000;5082.500000;5105.000000;4695.517578;409174
2020-12-25;5114.500000;5114.500000;5087.500000;5109.500000;4699.656250;121669
2020-12-28;5114.000000;5175.500000;5101.000000;5112.000000;4701.956055;626975
2020-12-29;5115.500000;5170.000000;5114.000000;5153.500000;4740.126953;614704
2020-12-30;5149.500000;5204.000000;5146.000000;5170.000000;4755.303711;753996
2021-01-04;5238.500000;5274.500000;5200.500000;5218.000000;4799.453613;697014
2021-01-05;5214.500000;5345.000000;5180.000000;5328.000000;4900.629883;1016300
2021-01-06;5375.000000;5401.000000;5304.000000;5387.500000;4955.357422;1272891
2021-01-08;5387.500000;5387.500000;5387.500000;5387.500000;4955.357422;0
2021-01-11;5510.000000;5639.000000;5451.000000;5592.500000;5143.914063;1980450
2021-01-12;5616.000000;5713.500000;5615.000000;5689.500000;5233.133789;1648763
2021-01-13;5750.000000;5827.000000;5706.000000;5768.500000;5305.796875;1952249
2021-01-14;5901.000000;5910.000000;5887.000000;5893.500000;5420.770508;1976941
2021-01-15;5882.500000;5995.000000;5870.500000;5876.000000;5404.674316;1783551
2021-01-18;5865.000000;5902.000000;5802.500000;5876.000000;5404.674316;1284429
2021-01-19;5913.000000;5968.000000;5873.000000;5874.000000;5402.834473;1143716
2021-01-20;5888.000000;5962.000000;5843.000000;5861.000000;5390.877441;902826
2021-01-21;5863.000000;5921.500000;5710.000000;5765.500000;5303.037109;1765877
2021-01-22;5701.000000;5787.000000;5626.000000;5730.000000;5270.384766;1575759
2021-01-25;5755.000000;5797.500000;5675.000000;5688.500000;5232.213379;1257688
2021-01-26;5681.000000;5703.500000;5553.000000;5587.000000;5138.855469;1575894
2021-01-27;5619.500000;5630.000000;5484.000000;5523.500000;5080.449219;1644461
2021-01-28;5467.000000;5617.000000;5442.500000;5591.500000;5142.994629;1612408
2021-01-29;5552.000000;5561.500000;5381.000000;5387.000000;4954.897461;1913135
2021-02-01;5420.000000;5426.000000;5296.500000;5330.500000;4902.929688;1996794
2021-02-02;5427.500000;5577.000000;5407.500000;5558.500000;5112.641113;2287224
2021-02-03;5527.000000;5539.000000;5525.000000;5525.500000;5082.288086;1712057
2021-02-04;5565.000000;5728.500000;5529.000000;5647.500000;5194.502930;2160400
2021-02-05;5742.000000;5770.500000;5644.000000;5694.000000;5237.272461;1072032
2021-02-08;5750.000000;5797.500000;5700.000000;5741.500000;5280.962402;889521
2021-02-09;5676.000000;5676.000000;5661.000000;5661.500000;5207.379395;979672
2021-02-10;5699.500000;5712.000000;5560.000000;5610.000000;5160.010742;1266658
2021-02-11;5581.000000;5690.000000;5546.000000;5647.500000;5194.502930;630316
2021-02-12;5643.000000;5724.500000;5501.000000;5724.500000;5265.326172;1120679
2021-02-15;5820.000000;5897.000000;5772.000000;5895.000000;5422.149902;1052569
2021-02-16;5918.000000;5928.500000;5805.500000;5840.000000;5371.562012;874885
2021-02-17;5865.000000;5876.500000;5688.500000;5693.500000;5236.812500;1142558
2021-02-18;5761.000000;5784.000000;5588.500000;5626.000000;5174.727051;1201179
2021-02-19;5676.000000;5680.500000;5661.500000;5666.000000;5211.518555;1162114
2021-02-22;5650.500000;5793.000000;5592.000000;5783.500000;5319.593750;1088392
2021-02-24;5751.000000;5779.000000;5676.500000;5777.000000;5313.614746;1057870
2021-02-25;5804.500000;5888.000000;5780.000000;5825.000000;5357.765137;1470382
2021-02-26;5707.000000;5794.500000;5575.000000;5585.000000;5137.015625;2294589
2021-03-01;5654.000000;5659.000000;5646.000000;5654.000000;5200.481445;953629
2021-03-02;5610.000000;5670.000000;5592.000000;5657.000000;5203.240723;728767
2021-03-03;5729.000000;5732.000000;5716.500000;5723.000000;5263.946289;845225
2021-03-04;5719.000000;5899.500000;5690.000000;5880.000000;5408.353027;1382166
2021-03-05;5852.000000;6222.000000;5852.000000;6188.500000;5692.107910;3593215
2021-03-09;6200.000000;6405.000000;6167.000000;6293.500000;5788.685547;1893072
2021-03-10;6276.000000;6300.500000;6084.000000;6103.500000;5613.925781;1567255
2021-03-11;6150.000000;6338.500000;6109.500000;6324.000000;5816.739258;1447570
2021-03-12;6310.500000;6377.000000;6267.000000;6350.000000;5840.653320;895348
2021-03-15;6381.000000;6478.500000;6360.000000;6455.500000;5937.690918;1632643
2021-03-16;6451.000000;6470.500000;6314.000000;6460.000000;5941.830566;1852635
2021-03-17;6450.000000;6475.000000;6294.000000;6334.000000;5825.937012;1490965
2021-03-18;6369.000000;6373.500000;6174.000000;6199.500000;5702.225098;1905334
2021-03-19;6073.000000;6149.000000;5960.000000;6030.000000;5546.321289;2737408
2021-03-22;6063.000000;6167.000000;5980.000000;6134.500000;5642.438965;1137243
2021-03-23;6088.000000;6098.000000;5956.000000;6002.000000;5520.567383;1599790
2021-03-24;5999.500000;6231.000000;5976.000000;6207.000000;5709.124023;1359236
2021-03-25;6155.000000;6195.500000;6068.000000;6123.000000;5631.861816;1078766
2021-03-26;6200.000000;6269.500000;6194.000000;6221.000000;5722.000977;1093335
2021-03-29;6233.000000;6278.000000;6174.000000;6261.500000;5759.251953;781915
2021-03-30;6255.000000;6316.500000;6125.500000;6165.500000;5670.952637;898509
2021-03-31;6172.500000;6188.000000;6097.500000;6126.500000;5635.081055;791955
2021-04-01;6152.500000;6188.500000;6015.000000;6070.000000;5583.113281;1044676
2021-04-02;6120.500000;6137.000000;6076.500000;6104.000000;5614.385742;215395
2021-04-05;6095.000000;6095.000000;5951.000000;5977.500000;5498.032227;764866
2021-04-06;6008.000000;6024.000000;5872.000000;5904.500000;5430.888184;1112084
2021-04-07;5893.500000;6001.000000;5842.000000;5941.000000;5464.460449;1368590
2021-04-08;5990.000000;6067.500000;5945.000000;5986.000000;5505.850586;718082
2021-04-09;6001.000000;6006.000000;5867.000000;5938.000000;5461.701172;1109003
2021-04-12;5900.000000;6037.000000;5889.000000;5991.500000;5510.909668;1233248
2021-04-13;6003.500000;6022.000000;5946.500000;5990.000000;5509.529785;620021
2021-04-14;6080.000000;6158.000000;5975.000000;6146.000000;5653.016602;1256476
2021-04-15;6088.500000;6118.500000;6017.000000;6065.000000;5578.514160;1159998
2021-04-16;6089.000000;6104.000000;6025.000000;6066.500000;5579.893555;732691
2021-04-19;6059.000000;6087.000000;5986.000000;6013.500000;5531.144531;515683
2021-04-20;6021.500000;6061.000000;5840.000000;5880.000000;5408.353027;1374528
2021-04-21;5882.000000;5966.500000;5880.000000;5946.000000;5469.059570;817678
2021-04-22;5945.000000;6057.000000;5886.500000;6023.000000;5539.882813;1257446
2021-04-23;6020.000000;6027.500000;5931.000000;5954.500000;5476.877441;831470
2021-04-26;5952.000000;5971.000000;5892.500000;5912.000000;5437.786133;790297
2021-04-27;5917.000000;5966.500000;5870.500000;5900.500000;5427.208496;708337
2021-04-28;5906.000000;5945.000000;5844.000000;5890.000000;5417.551270;837634
2021-04-29;5931.000000;5945.000000;5875.000000;5904.500000;5430.888184;973325
2021-04-30;5917.500000;5945.000000;5760.000000;5810.000000;5343.968262;1345452
2021-05-04;5824.000000;5996.500000;5815.000000;5988.500000;5508.150391;1299903
2021-05-05;6010.000000;6156.000000;5985.500000;6134.000000;5641.979004;1269977
2021-05-06;6122.000000;6185.000000;6080.000000;6086.500000;5598.289063;963303
2021-05-07;6104.000000;6122.500000;6042.500000;6092.000000;5603.348145;696585
2021-05-10;6097.000000;6203.000000;6093.000000;6127.500000;5636.000488;1008550
2021-05-11;6093.500000;6093.500000;5948.000000;5998.500000;5517.347656;1204899
2021-05-12;6028.000000;6205.000000;6004.000000;6149.000000;5655.775879;1357756
2021-05-13;6100.000000;6127.000000;6023.500000;6038.000000;5553.679688;1124808
2021-05-14;6052.500000;6077.000000;6002.000000;6042.000000;5557.358887;458180
2021-05-17;6020.000000;6026.000000;5868.500000;5938.000000;5461.701172;1631206
2021-05-18;6000.000000;6043.000000;5962.500000;5984.500000;5504.471191;1683739
2021-05-19;5969.000000;5978.000000;5767.500000;5845.500000;5376.620605;1625271
2021-05-20;5855.000000;5863.500000;5681.000000;5719.500000;5260.727051;1286128
2021-05-21;5719.000000;5852.000000;5697.000000;5815.500000;5349.026855;1069876
2021-05-24;5831.500000;5859.500000;5774.000000;5795.500000;5330.631348;539027
2021-05-25;5835.000000;5975.500000;5823.000000;5931.500000;5455.722168;1044510
2021-05-26;5923.000000;6019.500000;5918.000000;6004.500000;5522.866699;1138276
2021-05-27;6000.000000;6012.000000;5915.000000;5995.000000;5514.128906;1566725
2021-05-28;5985.500000;6030.000000;5936.000000;5964.500000;5486.075195;682757
2021-05-31;5957.000000;6010.500000;5951.000000;5997.000000;5515.968262;379341
2021-06-01;6021.000000;6223.000000;6021.000000;6183.500000;5687.508789;2010597
2021-06-02;6222.000000;6410.000000;6215.000000;6400.000000;5886.642578;2109334
2021-06-03;6460.000000;6499.000000;6327.000000;6484.000000;5963.905273;1863713
2021-06-04;6472.000000;6570.000000;6442.000000;6505.000000;5983.220703;1487116
2021-06-07;6489.500000;6590.000000;6460.000000;6560.500000;6034.269043;883578
2021-06-08;6530.000000;6564.500000;6400.000000;6491.500000;5970.803223;1291044
2021-06-09;6525.000000;6595.500000;6487.000000;6557.000000;6031.049805;893972
2021-06-10;6575.500000;6660.000000;6548.000000;6560.000000;6033.809082;1036794
2021-06-11;6570.000000;6607.500000;6488.000000;6517.500000;5994.717773;545111
2021-06-14;6528.000000;6547.500000;6447.000000;6513.500000;5991.039063;536602
2021-06-15;6530.000000;6530.000000;6431.000000;6495.000000;5974.022949;799628
2021-06-16;6524.000000;6637.500000;6522.500000;6611.000000;6080.718262;1044350
2021-06-17;6570.000000;6746.000000;6561.500000;6650.500000;6117.049805;1594868
2021-06-18;6640.000000;6710.000000;6606.000000;6665.500000;6130.846680;1816723
2021-06-21;6645.000000;6700.000000;6603.000000;6672.000000;6136.825195;664078
2021-06-22;6737.500000;6769.000000;6663.000000;6687.000000;6150.622070;1027750
2021-06-23;6733.000000;6741.500000;6621.000000;6640.000000;6107.392090;1023021
2021-06-24;6632.500000;6759.000000;6620.000000;6748.500000;6207.188965;1440290
2021-06-25;6712.000000;6800.000000;6710.500000;6782.500000;6238.461914;832135
2021-06-28;6810.000000;6867.000000;6744.000000;6763.500000;6220.985840;772794
2021-06-29;6730.500000;6749.000000;6643.000000;6683.500000;6147.402832;1268358
2021-06-30;6686.000000;6804.500000;6617.000000;6772.000000;6228.803711;1095750
2021-07-01;6770.000000;7005.000000;6762.500000;6967.000000;6408.162598;1375219
2021-07-02;7007.000000;6920.000000;6810.500000;6838.000000;6487.861816;981401
2021-07-05;6878.000000;6878.000000;6767.000000;6826.500000;6476.950195;358642
2021-07-06;6870.000000;6939.000000;6824.000000;6843.000000;6492.605469;1495224
2021-07-07;6825.000000;6904.500000;6732.500000;6778.500000;6431.408203;886106
2021-07-08;6740.000000;6750.000000;6597.000000;6683.000000;6340.798340;995750
2021-07-09;6668.000000;6717.000000;6618.000000;6654.000000;6313.283203;826366
2021-07-12;6644.500000;6648.000000;6573.000000;6596.500000;6258.727539;515313
2021-07-13;6625.000000;6639.000000;6580.000000;6639.000000;6299.051270;607516
2021-07-14;6636.000000;6750.000000;6565.000000;6587.500000;6250.188477;1085583
2021-07-15;6550.000000;6550.000000;6403.000000;6447.000000;6116.882813;936942
2021-07-16;6397.000000;6479.500000;6327.500000;6378.500000;6051.890137;737992
2021-07-19;6303.500000;6339.000000;6215.000000;6229.500000;5910.519531;884444
2021-07-20;6270.000000;6311.000000;6205.000000;6296.000000;5973.614746;1007783
2021-07-21;6291.000000;6408.500000;6265.500000;6400.500000;6072.763672;859276
2021-07-22;6392.000000;6466.500000;6331.500000;6447.000000;6116.882813;831545
2021-07-23;6467.500000;6477.500000;6380.500000;6423.000000;6094.111328;715775
2021-07-26;6371.000000;6408.000000;6317.500000;6352.000000;6026.747070;610804
2021-07-27;6375.000000;6401.500000;6292.000000;6324.500000;6000.655273;631572
2021-07-28;6346.000000;6425.000000;6342.000000;6419.000000;6090.316406;641477
2021-07-29;6445.000000;6455.500000;6382.500000;6413.000000;6084.623535;633957
2021-07-30;6395.000000;6402.000000;6266.500000;6293.000000;5970.768066;1093886
2021-08-02;6309.500000;6379.000000;6260.000000;6320.000000;5996.385742;863465
2021-08-03;6302.000000;6330.000000;6205.500000;6264.500000;5943.727539;965038
2021-08-04;6310.000000;6333.500000;6226.000000;6254.000000;5933.765137;715468
2021-08-05;6215.000000;6300.000000;6211.500000;6292.000000;5969.819336;535862
2021-08-06;6319.000000;6325.000000;6227.000000;6244.000000;5924.277344;708589
2021-08-09;6198.000000;6310.000000;6110.500000;6310.000000;5986.897949;751131
2021-08-10;6324.500000;6424.000000;6324.500000;6414.000000;6085.572266;967659
2021-08-11;6438.000000;6487.500000;6400.000000;6441.000000;6111.189941;872402
2021-08-12;6450.000000;6530.000000;6431.500000;6504.000000;6170.963867;592640
2021-08-13;6490.000000;6512.000000;6406.000000;6422.000000;6093.162598;556294
2021-08-16;6400.000000;6499.000000;6369.500000;6482.000000;6150.090332;597224
2021-08-17;6475.000000;6615.000000;6441.500000;6582.500000;6245.444336;1093123
2021-08-18;6605.000000;6615.000000;6505.000000;6537.000000;6202.274414;676093
2021-08-19;6401.000000;6422.000000;6255.000000;6324.000000;6000.180664;1193106
2021-08-20;6315.000000;6339.000000;6262.500000;6313.500000;5990.218262;539296
2021-08-23;6394.000000;6489.000000;6371.000000;6473.500000;6142.025879;719967
2021-08-24;6474.500000;6521.500000;6408.000000;6471.000000;6139.653809;608786
2021-08-25;6462.000000;6483.000000;6420.500000;6456.000000;6125.421875;371700
2021-08-26;6420.000000;6430.000000;6308.000000;6350.500000;6025.323730;578342
2021-08-27;6338.000000;6435.000000;6325.500000;6432.500000;6103.125000;713192
2021-08-30;6445.000000;6471.500000;6403.500000;6432.500000;6103.125000;471946
2021-08-31;6438.000000;6449.000000;6221.000000;6259.000000;5938.509277;1964953
2021-09-01;6300.000000;6351.000000;6264.000000;6330.000000;6005.873535;1047879
2021-09-02;6330.000000;6408.000000;6278.500000;6390.000000;6062.801270;1068088
2021-09-03;6364.000000;6366.000000;6301.000000;6344.500000;6019.631348;611594
2021-09-06;6327.000000;6372.000000;6314.500000;6324.500000;6000.655273;530166
2021-09-07;6335.000000;6338.500000;6268.500000;6284.500000;5962.703613;765882
2021-09-08;6282.000000;6354.000000;6247.500000;6339.500000;6014.887207;1039180
2021-09-09;6330.000000;6353.500000;6261.500000;6314.500000;5991.167480;782389
2021-09-10;6300.000000;6339.000000;6272.000000;6304.500000;5981.679199;707593
2021-09-13;6321.000000;6410.000000;6308.000000;6406.500000;6078.456543;744237
2021-09-14;6441.000000;6600.000000;6428.500000;6589.500000;6252.085938;1757560
2021-09-15;6600.000000;6767.000000;6583.500000;6718.000000;6374.006348;1407324
2021-09-16;6693.000000;6800.000000;6569.500000;6590.500000;6253.034668;1694592
2021-09-17;6670.500000;6671.000000;6565.000000;6604.500000;6266.317871;1290580
2021-09-20;6540.000000;6596.500000;6494.000000;6554.500000;6218.877930;801813
2021-09-21;6579.000000;6660.000000;6557.000000;6593.500000;6255.881348;873164
2021-09-22;6652.500000;6717.500000;6622.000000;6689.500000;6346.965332;611009
2021-09-23;6750.000000;6797.000000;6707.000000;6782.500000;6435.203613;918580
2021-09-24;6799.500000;6859.500000;6740.500000;6818.500000;6469.359863;759068
2021-09-27;6900.000000;7003.000000;6871.000000;6959.000000;6602.666016;1361103
2021-09-28;7015.000000;7141.500000;6971.500000;7005.000000;6646.310547;1409908
2021-09-29;6929.000000;7030.000000;6900.500000;6982.500000;6624.962402;1000340
2021-09-30;7010.000000;7039.000000;6850.500000;6911.000000;6557.123535;1372283
2021-10-01;6866.000000;6978.500000;6835.000000;6929.500000;6574.676270;662381
2021-10-04;7000.000000;7160.500000;6940.500000;7125.000000;6760.166016;1499905
2021-10-05;7128.000000;7416.000000;7123.000000;7330.000000;6954.668945;1593262
2021-10-06;7160.000000;7417.000000;7031.000000;7046.000000;6685.210938;1433935
2021-10-07;7132.000000;7189.500000;6984.500000;7136.500000;6771.077148;1202757
2021-10-08;7205.000000;7279.000000;7170.500000;7236.500000;6865.956543;873236
2021-10-11;7299.500000;7320.000000;7253.000000;7259.500000;6887.778809;712738
2021-10-12;7210.000000;7332.000000;7192.500000;7317.000000;6942.334473;776691
2021-10-13;7333.000000;7333.000000;7070.500000;7252.500000;6881.137207;1216775
2021-10-14;7251.000000;7319.000000;7173.000000;7207.500000;6838.441406;737233
2021-10-15;7252.000000;7318.000000;7195.000000;7304.000000;6930.000000;905355
2021-10-18;7320.000000;7351.500000;7271.500000;7344.000000;6967.952148;638613
2021-10-19;7346.500000;7351.500000;7337.500000;7344.500000;6968.426270;698915
2021-10-20;7363.000000;7439.000000;7320.000000;7420.000000;7040.060547;780913
2021-10-21;7400.000000;7427.000000;7202.500000;7230.500000;6860.263672;867475
2021-10-22;7213.000000;7314.500000;7180.500000;7191.000000;6822.786133;707349
2021-10-25;7239.000000;7483.000000;7215.000000;7447.000000;7065.677734;1296363
2021-10-26;7449.000000;7525.000000;7385.000000;7451.500000;7069.947266;1081037
2021-10-27;7405.000000;7485.000000;7324.500000;7340.500000;6964.631348;693503
2021-10-28;7286.000000;7320.000000;7190.000000;7220.500000;6850.775879;1316746
2021-10-29;7260.000000;7315.000000;7118.000000;7233.000000;6862.635742;1261405
2021-11-01;7291.000000;7294.000000;7283.500000;7290.000000;6916.716797;515928
2021-11-02;7242.000000;7242.000000;7222.000000;7226.500000;6856.468750;911563
2021-11-03;7190.000000;7202.500000;7125.000000;7153.500000;6787.206543;530923
2021-11-05;7132.000000;7205.000000;7082.000000;7180.000000;6812.349609;544441
2021-11-08;7240.000000;7275.000000;7202.000000;7229.000000;6858.840332;468455
2021-11-09;7200.000000;7255.000000;7117.500000;7156.500000;6790.052734;748385
2021-11-10;7209.000000;7266.000000;7170.500000;7202.000000;6833.223145;556235
2021-11-11;7089.000000;7171.000000;7089.000000;7118.000000;6753.524414;1013564
2021-11-12;7061.500000;7062.500000;6835.000000;6887.500000;6534.827148;1822953
2021-11-15;6852.000000;6979.500000;6815.000000;6945.000000;6589.382813;865985
2021-11-16;6930.500000;7006.000000;6905.000000;6964.000000;6607.409668;782513
2021-11-17;6945.000000;6950.000000;6840.000000;6916.000000;6561.867676;1058093
2021-11-18;6832.000000;6887.000000;6783.500000;6820.500000;6471.257813;730523
2021-11-19;6897.000000;6897.000000;6660.000000;6671.000000;6329.412598;1284396
2021-11-22;6690.000000;6756.500000;6532.000000;6623.000000;6283.870605;1621930
2021-11-23;6551.000000;6770.500000;6490.500000;6762.000000;6415.752930;1466721
2021-11-24;6850.500000;6891.000000;6686.500000;6824.000000;6474.578613;1316335
2021-11-25;6814.500000;6890.500000;6665.000000;6675.000000;6333.208008;1016993
2021-11-26;6662.500000;6516.500000;6348.000000;6387.500000;6060.429199;2029787
2021-11-29;6510.000000;6713.000000;6480.000000;6662.500000;6321.348145;1689724
2021-11-30;6502.000000;6688.500000;6464.000000;6547.500000;6212.236328;2491171
2021-12-01;6600.000000;6740.500000;6600.000000;6658.000000;6317.078613;1575293
2021-12-02;6611.000000;6768.000000;6558.000000;6724.000000;6379.698730;1360905
2021-12-03;6751.000000;6770.000000;6630.000000;6652.000000;6311.385742;710830
2021-12-06;6711.000000;6719.000000;6500.000000;6637.500000;6297.627930;1084345
2021-12-07;6664.000000;6766.500000;6645.000000;6727.000000;6382.545410;1668483
2021-12-08;6774.000000;6784.500000;6510.000000;6529.500000;6195.158203;1982708
2021-12-09;6580.000000;6636.000000;6501.500000;6608.000000;6269.638672;1170525
2021-12-10;6587.500000;6673.000000;6568.500000;6608.500000;6270.113281;625331
2021-12-13;6688.500000;6700.000000;6352.000000;6391.000000;6063.750000;1403428
2021-12-14;6356.000000;6628.000000;6352.500000;6580.000000;6243.072266;1983052
2021-12-15;6618.500000;6623.000000;6447.000000;6512.000000;6178.554199;976099
2021-12-16;6630.000000;6779.000000;6614.500000;6760.000000;6413.855469;1647686
2021-12-17;6737.500000;6765.000000;6603.500000;6640.000000;6300.000000;1867562
2021-12-20;6303.500000;6368.000000;6237.000000;6309.500000;6309.500000;1665862
2021-12-21;6370.000000;6428.000000;6285.000000;6334.000000;6334.000000;1047108
2021-12-22;6339.000000;6393.500000;6319.500000;6368.000000;6368.000000;758751
2021-12-23;6375.000000;6380.000000;6285.000000;6300.000000;6300.000000;616605
2021-12-24;6305.000000;6328.000000;6220.500000;6318.000000;6318.000000;364805
2021-12-27;6327.500000;6376.000000;6318.000000;6370.000000;6370.000000;451739
2021-12-28;6423.500000;6559.500000;6387.500000;6479.000000;6479.000000;950984
2021-12-29;6484.500000;6525.000000;6421.000000;6488.500000;6488.500000;785323
2021-12-30;6525.500000;6597.000000;6480.000000;6571.000000;6571.000000;726153
2022-01-03;6625.000000;6705.500000;6620.000000;6655.000000;6655.000000;573677
2022-01-04;6652.500000;6733.000000;6627.000000;6727.000000;6727.000000;503536
2022-01-05;6708.500000;6755.000000;6633.500000;6675.500000;6675.500000;678003
2022-01-06;6581.000000;6694.500000;6526.000000;6659.500000;6659.500000;849563
2022-01-10;6745.000000;6880.000000;6650.500000;6710.500000;6710.500000;1155433
2022-01-11;6770.500000;6850.000000;6732.500000;6800.500000;6800.500000;824606
2022-01-12;6800.000000;6969.000000;6770.000000;6917.500000;6917.500000;1183350
2022-01-13;6928.500000;6936.500000;6610.000000;6698.000000;6698.000000;1624164
2022-01-14;6709.500000;6791.000000;6469.000000;6603.500000;6603.500000;1931513
2022-01-17;6668.000000;6734.000000;6445.000000;6512.500000;6512.500000;1581542
2022-01-18;6512.500000;6512.500000;6512.500000;6512.500000;6512.500000;0
2022-01-19;6250.000000;6670.000000;6020.000000;6496.000000;6496.000000;3237227
2022-01-20;6549.000000;6683.000000;6324.000000;6510.000000;6510.000000;2237789
2022-01-21;6400.000000;6514.000000;6310.000000;6471.000000;6471.000000;1940586
2022-01-24;6445.000000;6479.000000;6078.000000;6210.000000;6210.000000;2935738
2022-01-25;6270.000000;6562.500000;6177.500000;6352.000000;6352.000000;2082348
2022-01-26;6542.000000;6690.000000;6405.000000;6575.000000;6575.000000;2225385
2022-01-27;6498.000000;6900.000000;6432.000000;6809.000000;6809.000000;2117689
2022-01-28;6784.000000;6945.000000;6755.000000;6809.000000;6809.000000;1584821
2022-01-31;6809.000000;6809.000000;6809.000000;6809.000000;6809.000000;0
2022-02-01;6884.000000;7013.500000;6826.000000;6949.500000;6949.500000;1229137
2022-02-02;6975.000000;7050.000000;6936.000000;7016.000000;7016.000000;983000
2022-02-03;7026.500000;7030.000000;6794.500000;6835.000000;6835.000000;1321908
2022-02-04;6897.000000;7110.000000;6892.000000;6951.500000;6951.500000;1754048
2022-02-07;7047.000000;7060.000000;6825.500000;6967.500000;6967.500000;977367
2022-02-08;6985.000000;7044.000000;6938.000000;7010.000000;7010.000000;931306
2022-02-09;6966.500000;7009.000000;6900.000000;7009.000000;7009.000000;1547296
2022-02-10;6970.000000;7084.000000;6894.000000;7050.000000;7050.000000;1378641
2022-02-11;6960.000000;7000.000000;6624.500000;6861.000000;6861.000000;1888816
2022-02-14;6684.000000;6885.000000;6524.500000;6800.500000;6800.500000;1950018
2022-02-15;6840.000000;7077.500000;6783.000000;6982.000000;6982.000000;1778946
2022-02-16;7028.000000;7068.000000;6902.500000;6994.000000;6994.000000;1180028
2022-02-17;6956.500000;6968.000000;6650.000000;6691.000000;6691.000000;1740140
2022-02-18;6739.000000;6832.000000;6415.000000;6549.000000;6549.000000;1700147
2022-02-21;6480.000000;6649.000000;5609.500000;6010.000000;6010.000000;4538212
2022-02-22;5805.000000;6050.000000;5479.000000;5970.000000;5970.000000;5901625
2022-02-24;5410.500000;5410.500000;3019.500000;4000.000000;4000.000000;4692673
2022-02-25;4400.000000;5360.000000;4400.000000;5153.500000;5153.500000;2013374
2022-03-24;5302.500000;5993.000000;5300.000000;5525.000000;5525.000000;1203273
2022-03-25;5600.000000;5761.000000;5022.000000;5206.000000;5206.000000;875180
2022-03-28;5200.000000;5200.000000;4915.000000;5118.000000;5118.000000;228856
2022-03-29;5118.000000;5350.000000;4800.000000;4922.000000;4922.000000;642270
2022-03-30;5050.000000;5140.000000;5000.000000;5140.000000;5140.000000;287528
2022-03-31;5120.000000;5680.000000;5100.000000;5680.000000;5680.000000;469075
2022-04-01;5660.000000;5868.000000;5450.000000;5601.000000;5601.000000;385732
2022-04-04;5601.000000;5601.000000;5601.000000;5601.000000;5601.000000;0
2022-04-05;5574.000000;5590.000000;5220.000000;5314.000000;5314.000000;245013
2022-04-06;5314.000000;5514.000000;5224.500000;5266.000000;5266.000000;195342
2022-04-07;5260.000000;5356.000000;5240.000000;5280.000000;5280.000000;264677
2022-04-08;5299.500000;5319.500000;5087.000000;5226.500000;5226.500000;199667
2022-04-11;5225.000000;5385.000000;5184.000000;5190.000000;5190.000000;144622
2022-04-12;5200.000000;5250.000000;5026.000000;5145.000000;5145.000000;219888
2022-04-13;5179.500000;5209.000000;5056.000000;5106.000000;5106.000000;160929
2022-04-14;5115.500000;5120.000000;4862.000000;4879.500000;4879.500000;199123
2022-04-15;4879.000000;4956.000000;4800.000000;4893.000000;4893.000000;151321
2022-04-18;4913.000000;4948.000000;4524.000000;4549.000000;4549.000000;407463
2022-04-19;4592.000000;4592.000000;4108.000000;4485.000000;4485.000000;708763
2022-04-20;4498.500000;4536.000000;4215.500000;4310.000000;4310.000000;726085
2022-04-21;4310.000000;4310.000000;4310.000000;4310.000000;4310.000000;0
2022-04-22;3974.000000;4044.000000;3682.000000;3828.000000;3828.000000;1648909
2022-04-25;3828.000000;3828.000000;3828.000000;3828.000000;3828.000000;0
2022-04-26;3970.500000;4587.500000;3960.500000;4292.000000;4292.000000;1354489
2022-04-27;4325.000000;4559.000000;4276.000000;4550.000000;4550.000000;783960
2022-04-28;4551.000000;4740.000000;4318.000000;4381.000000;4381.000000;923456
2022-04-29;4410.000000;4717.000000;4380.000000;4699.500000;4699.500000;865620
